all_loans_received,allocated_federal_election_levin_share,cash_on_hand_beginning_period,committee_designation,committee_designation_full,committee_id,committee_name,committee_state,committee_type,committee_type_full,contribution_refunds,contributions,contributions_ie_and_party_expenditures_made_percent,convention_exp,coordinated_expenditures_by_party_committee,coverage_end_date,coverage_start_date,cycle,disbursements,exp_prior_years_subject_limits,exp_subject_limits,fed_candidate_committee_contributions,fed_candidate_contribution_refunds,fed_disbursements,fed_election_activity,fed_operating_expenditures,fed_receipts,federal_funds,filing_frequency,filing_frequency_full,first_f1_date,first_file_date,independent_expenditures,individual_contributions,individual_contributions_percent,individual_itemized_contributions,individual_unitemized_contributions,itemized_convention_exp,itemized_other_disb,itemized_other_income,itemized_other_refunds,itemized_refunds_relating_convention_exp,last_beginning_image_number,last_cash_on_hand_end_period,last_debts_owed_by_committee,last_debts_owed_to_committee,last_report_type_full,last_report_year,loan_repayments_made,loan_repayments_received,loans_and_loan_repayments_made,loans_and_loan_repayments_received,loans_made,net_contributions,net_operating_expenditures,non_allocated_fed_election_activity,offsets_to_operating_expenditures,operating_expenditures,operating_expenditures_percent,organization_type,organization_type_full,other_disbursements,other_fed_operating_expenditures,other_fed_receipts,other_political_committee_contributions,other_refunds,party_and_other_committee_contributions_percent,party_full,political_party_committee_contributions,receipts,refunded_individual_contributions,refunded_other_political_committee_contributions,refunded_political_party_committee_contributions,refunds_relating_convention_exp,shared_fed_activity,shared_fed_activity_nonfed,shared_fed_operating_expenditures,shared_nonfed_operating_expenditures,sponsor_candidate_ids,sponsor_candidate_list,total_exp_subject_limits,total_transfers,transaction_coverage_date,transfers_from_affiliated_party,transfers_from_nonfed_account,transfers_from_nonfed_levin,transfers_to_affiliated_committee,treasurer_name,unitemized_convention_exp,unitemized_other_disb,unitemized_other_income,unitemized_other_refunds,unitemized_refunds_relating_convention_exp
0.0,0.0,144285.41,B,Lobbyist/Registrant PAC,C00000059,"HALLMARK CARDS, INC. PAC (HALLPAC)",MO,Q,PAC - Qualified,0.0,61416.81,80.1,0.0,0.0,2026-07-31T00:00:00,2025-01-01T00:00:00,2026,100500.0,0.0,0.0,80500.0,5000.0,100500.0,0.0,0.0,66416.81,0.0,M,Monthly filer,1976-04-22,1976-04-22,0.0,61416.81,92.47,39611.37,21805.44,0.0,0.0,0.0,0.0,0.0,202608179899535455,110202.22,0.0,0.0,AUGUST MONTHLY,2026,0.0,0.0,0.0,0.0,0.0,61416.81,0.0,0.0,0.0,0.0,0.0,C,Corporation,20000.0,0.0,0.0,0.0,0.0,0.0,UNKNOWN,0.0,66416.81,0.0,0.0,0.0,0.0,0.0,0.0,0.0,0.0,,[],0.0,0.0,2026-06-30,0.0,0.0,0.0,0.0,"KLEIN, CASSIE MS.",0.0,0.0,0.0,0.0,0.0
0.0,0.0,488089.41,B,Lobbyist/Registrant PAC,C00000422,AMERICAN MEDICAL ASSOCIATION POLITICAL ACTION COMMITTEE,DC,Q,PAC - Qualified,6740.0,1869413.47,88.23,0.0,0.0,2026-07-31T00:00:00,2025-01-01T00:00:00,2026,1375808.66,0.0,0.0,913750.0,0.0,1375808.66,0.0,117207.17,2022358.7,0.0,M,Monthly filer,1975-07-03,1975-03-06,300163.0,1869413.47,92.44,1585911.32,283502.15,0.0,0.0,0.0,0.0,0.0,202608179899528545,1134639.45,0.0,0.0,AUGUST MONTHLY,2026,0.0,0.0,0.0,0.0,0.0,1862673.47,117207.17,0.0,0.0,117207.17,8.52,,,37948.49,117207.17,152945.23,0.0,0.0,0.0,,0.0,2022358.7,6740.0,0.0,0.0,0.0,0.0,0.0,0.0,0.0,,[],0.0,0.0,2026-06-30,0.0,0.0,0.0,0.0,"JORDAN, JOHN ROBERT MR.",0.0,0.0,0.0,0.0,0.0
0.0,0.0,74807.1,U,Unauthorized,C00000489,D R I V E POLITICAL FUND CHAPTER 886,OK,N,PAC - Nonqualified,0.0,19813.76,0.0,0.0,0.0,2026-06-30T00:00:00,2025-01-01T00:00:00,2026,5500.0,0.0,0.0,0.0,0.0,0.0,0.0,0.0,7489.48,0.0,Q,Quarterly filer,1976-09-21,1976-07-13,0.0,0.0,0.0,0.0,0.0,0.0,0.0,0.0,0.0,0.0,202607200300531542,130843.18,0.0,0.0,JULY QUARTERLY,2026,0.0,0.0,0.0,0.0,0.0,0.0,0.0,0.0,0.0,0.0,0.0,L,Labor Organization,5500.0,0.0,191.62,0.0,0.0,0.0,,0.0,53867.46,0.0,0.0,0.0,0.0,500.0,0.0,0.0,0.0,,[],0.0,0.0,2025-06-30,43768.96,0.0,0.0,0.0,JERRY SIMS JR,0.0,0.0,0.0,0.0,0.0
0.0,0.0,117462.0,B,Lobbyist/Registrant PAC,C00000729,AMERICAN DENTAL ASSOCIATION POLITICAL ACTION COMMITTEE,DC,Q,PAC - Qualified,1992.23,1712713.65,94.28,0.0,0.0,2026-07-31T00:00:00,2025-01-01T00:00:00,2026,1485546.84,0.0,0.0,1400500.0,53500.0,1485546.84,0.0,37197.41,1808174.02,0.0,M,Monthly filer,1975-02-09,1975-02-09,0.0,1712713.65,94.72,1011472.14,701241.51,0.0,0.0,0.0,0.0,0.0,202608209899662353,440089.18,0.0,0.0,AUGUST MONTHLY,2026,0.0,0.0,0.0,0.0,0.0,1710721.42,37197.41,0.0,0.0,37197.41,2.5,M,Membership Organization,45857.2,37197.41,177.32,0.0,0.0,0.0,UNKNOWN,0.0,1808174.02,1040.0,952.23,0.0,0.0,0.0,0.0,0.0,0.0,,[],0.0,0.0,2026-06-30,41783.05,0.0,0.0,0.0,"REYNOLDS, ELIZABETH DR.",0.0,0.0,0.0,0.0,0.0
0.0,0.0,5614879.95,B,Lobbyist/Registrant PAC,C00000885,INTERNATIONAL UNION OF PAINTERS AND ALLIED TRADES POLITICAL ACTION TOGETHER POLITICAL COMMITTEE,MD,Q,PAC - Qualified,0.0,861110.71,49.21,0.0,0.0,2026-07-31T00:00:00,2025-01-01T00:00:00,2026,1218218.83,0.0,0.0,599500.0,10000.0,1218218.83,0.0,89243.83,1031480.41,0.0,M,Monthly filer,1976-03-12,1975-03-20,0.0,861110.71,83.48,131300.75,729809.96,0.0,0.0,0.0,0.0,0.0,202608199899573904,5428141.53,0.0,0.0,AUGUST MONTHLY,2026,0.0,0.0,0.0,0.0,0.0,861110.71,89243.83,0.0,0.0,89243.83,7.33,L,Labor Organization,529475.0,89243.83,160369.7,0.0,0.0,0.0,UNKNOWN,0.0,1031480.41,0.0,0.0,0.0,0.0,0.0,0.0,0.0,0.0,,[],0.0,0.0,2026-06-30,0.0,0.0,0.0,0.0,"SMITH, GREGG",0.0,0.0,0.0,0.0,0.0
0.0,0.0,814872.98,B,Lobbyist/Registrant PAC,C00000901,BUILD POLITICAL ACTION COMMITTEE OF THE NATIONAL ASSOCIATION OF HOME BUILDERS (BUILDPAC),DC,Q,PAC - Qualified,52955.4,2623410.0,93.3,0.0,0.0,2026-07-31T00:00:00,2025-01-01T00:00:00,2026,2802690.06,0.0,0.0,2615000.0,5000.0,2802690.06,0.0,84800.78,2708144.98,0.0,M,Monthly filer,1976-06-30,1975-03-10,0.0,2612410.0,96.46,2504899.85,107510.15,0.0,0.0,0.0,0.0,0.0,202608189899554409,720327.9,0.0,0.0,AUGUST MONTHLY,2026,0.0,0.0,0.0,0.0,0.0,2570454.6,5065.8,0.0,79734.98,84800.78,3.03,T,Trade Association,49933.88,84800.78,0.0,11000.0,0.0,0.41,UNKNOWN,0.0,2708144.98,52955.4,0.0,0.0,0.0,0.0,0.0,0.0,0.0,,[],0.0,0.0,2026-06-30,0.0,0.0,0.0,0.0,"BENSON, ALISON",0.0,0.0,0.0,0.0,0.0
0.0,0.0,24232592.09,U,Unauthorized,C00000935,DCCC,DC,Y,Party - Qualified,614465.08,159130123.39,0.77,0.0,889387.91,2026-07-31T00:00:00,2025-01-01T00:00:00,2026,154468998.99,0.0,0.0,299287.29,1586.39,154468998.99,0.0,118946812.62,210406754.27,0.0,M,Monthly filer,1975-01-02,1975-01-02,0.0,112207606.52,53.33,65710748.41,46496858.11,0.0,0.0,0.0,0.0,0.0,202608209899763292,80170347.37,0.0,0.0,AUGUST MONTHLY,2026,20000000.0,0.0,0.0,0.0,0.0,158515658.31,118033059.15,0.0,913753.47,118946812.62,77.0,,,13608159.23,118946812.62,38723417.93,46922516.87,0.0,22.3,DEMOCRATIC PARTY,0.0,210406754.27,554465.08,60000.0,0.0,0.0,0.0,0.0,0.0,0.0,,[],0.0,0.0,2026-06-30,11637873.09,0.0,0.0,110886.86,"MERZ, JULIE",0.0,0.0,0.0,0.0,0.0
0.0,0.0,75985.04,B,Lobbyist/Registrant PAC,C00000984,UNITED STATES TELECOM ASSOCIATION POLITICAL ACTION COMMITTEE (TELECOMPAC),DC,Q,PAC - Qualified,0.0,158214.33,99.8,0.0,0.0,2026-07-31T00:00:00,2025-01-01T00:00:00,2026,71644.0,0.0,0.0,71500.0,0.0,71644.0,0.0,144.0,158611.36,0.0,M,Monthly filer,1975-07-18,1975-07-09,0.0,123214.33,77.68,118740.16,4474.17,0.0,0.0,0.0,0.0,0.0,202608199899577780,162952.4,0.0,0.0,AUGUST MONTHLY,2026,0.0,0.0,0.0,0.0,0.0,158214.33,144.0,0.0,0.0,144.0,0.2,T,Trade Association,0.0,144.0,397.03,35000.0,0.0,22.07,UNKNOWN,0.0,158611.36,0.0,0.0,0.0,0.0,0.0,0.0,0.0,0.0,,[],0.0,0.0,2026-06-30,0.0,0.0,0.0,0.0,"HEINER, BRANDON",0.0,0.0,0.0,0.0,0.0
0.0,0.0,333613.53,B,Lobbyist/Registrant PAC,C00001016,CARPENTERS LEGISLATIVE IMPROVEMENT COMMITTEE UNITED BROTHERHOOD OF CARPENTERS AND JOINERS,DC,Q,PAC - Qualified,100.41,2271933.08,93.74,0.0,0.0,2026-07-31T00:00:00,2025-01-01T00:00:00,2026,1770891.99,0.0,0.0,1660000.0,15000.0,1770891.99,0.0,100791.58,2286933.08,0.0,M,Monthly filer,1975-03-04,1975-03-04,0.0,2270059.65,99.26,2031294.27,238765.38,0.0,0.0,0.0,0.0,0.0,202608189899544660,849654.62,0.0,0.0,AUGUST MONTHLY,2026,0.0,0.0,0.0,0.0,0.0,2271832.67,100791.58,0.0,0.0,100791.58,5.69,L,Labor Organization,10000.0,100791.58,0.0,1873.43,0.0,0.08,NONE,0.0,2286933.08,100.41,0.0,0.0,0.0,0.0,0.0,0.0,0.0,,[],0.0,0.0,2026-06-30,0.0,0.0,0.0,0.0,"FLYNN, THOMAS",0.0,0.0,0.0,0.0,0.0
0.0,0.0,20611.5,U,Unauthorized,C00001180,MICHIGAN DOCTORS POLITICAL ACTION COMMITTEE - MICHIGAN STATE MEDICAL SOCIETY,MI,Q,PAC - Qualified,0.0,0.0,,0.0,0.0,2026-06-30T00:00:00,2025-01-01T00:00:00,2026,0.0,0.0,0.0,0.0,0.0,0.0,0.0,0.0,0.0,0.0,Q,Quarterly filer,1975-12-17,1975-07-03,0.0,0.0,,0.0,0.0,0.0,0.0,0.0,0.0,0.0,202607129874889333,20611.5,0.0,0.0,JULY QUARTERLY,2026,0.0,0.0,0.0,0.0,0.0,0.0,0.0,0.0,0.0,0.0,,T,Trade Association,0.0,0.0,0.0,0.0,0.0,,NONE,0.0,0.0,0.0,0.0,0.0,0.0,0.0,0.0,0.0,0.0,,[],0.0,0.0,2026-06-30,0.0,0.0,0.0,0.0,"GHOSE, AMIT",0.0,0.0,0.0,0.0,0.0
0.0,0.0,895072.57,B,Lobbyist/Registrant PAC,C00001198,AMERICAN HOTEL AND LODGING ASSOCIATION POLITICAL ACTION COMMITTEE ('HOTELPAC'),DC,W,Hybrid PAC (with Non-Contribution Account) - Qualified,10925.0,1817318.26,94.56,0.0,0.0,2026-07-31T00:00:00,2025-01-01T00:00:00,2026,1662356.48,0.0,0.0,1572000.0,15000.0,1662356.48,0.0,7916.48,1893318.27,0.0,M,Monthly filer,1975-08-29,1975-06-08,0.0,1795818.26,94.85,1753011.91,42806.35,0.0,0.0,0.0,0.0,0.0,202608179899533503,1126034.36,0.0,0.0,AUGUST MONTHLY,2026,0.0,0.0,0.0,0.0,0.0,1806393.26,7916.48,0.0,0.0,7916.48,0.48,T,Trade Association,71515.0,7916.48,61000.01,21500.0,0.0,1.14,,0.0,1893318.27,10925.0,0.0,0.0,0.0,0.0,0.0,0.0,0.0,,[],0.0,0.0,2026-06-30,0.0,0.0,0.0,0.0,"PHILLIPS, JUSTIN",0.0,0.0,0.0,0.0,0.0
0.0,0.0,64482.87,B,Lobbyist/Registrant PAC,C00001214,TEXAS MEDICAL ASSOCIATION POLITICAL ACTION COMMITTEE,TX,Q,PAC - Qualified,0.0,33853.44,21.91,0.0,0.0,2026-06-30T00:00:00,2025-01-01T00:00:00,2026,41077.62,0.0,0.0,9000.0,0.0,41077.62,0.0,0.0,33864.05,0.0,Q,Quarterly filer,1976-01-26,1975-07-07,0.0,33853.44,99.97,33375.2,478.24,0.0,0.0,0.0,0.0,0.0,202607149875009791,57269.3,0.0,0.0,JULY QUARTERLY,2026,0.0,0.0,0.0,0.0,0.0,33853.44,0.0,0.0,0.0,0.0,0.0,T,Trade Association,32077.62,0.0,10.61,0.0,0.0,0.0,NONE,0.0,33864.05,0.0,0.0,0.0,0.0,0.0,0.0,0.0,0.0,,[],0.0,0.0,2026-06-30,0.0,0.0,0.0,0.0,"MENARD, BRIANNA MS.",0.0,0.0,0.0,0.0,0.0
0.0,0.0,142690.1,U,Unauthorized,C00001305,REPUBLICAN PARTY OF VIRGINIA INC,VA,Y,Party - Qualified,1016.83,1440972.3,0.0,0.0,0.0,2026-07-31T00:00:00,2025-01-01T00:00:00,2026,2516225.83,0.0,0.0,0.0,0.0,1692915.99,627414.35,1717997.7,2467921.43,0.0,M,Monthly filer,1976-07-10,1975-03-20,0.0,1333853.31,41.62,692919.53,640933.78,0.0,0.0,0.0,0.0,0.0,202608209899611457,831452.38,0.0,0.0,AUGUST MONTHLY,2026,0.0,0.0,0.0,0.0,0.0,1439955.47,894687.86,627414.35,0.0,1717997.7,68.28,,,3838.0,564229.04,22502.06,93468.99,0.0,3.34,REPUBLICAN PARTY,13650.0,3204988.11,1016.83,0.0,0.0,0.0,0.0,0.0,330458.82,823309.84,,[],0.0,737066.68,2026-07-31,1004447.07,737066.68,0.0,165958.95,"SELPH, JOHN G MR.",0.0,0.0,0.0,0.0,0.0
0.0,0.0,58681.19,U,Unauthorized,C00001313,REPUBLICAN PARTY OF MINNESOTA - FEDERAL,MN,Y,Party - Qualified,18698.99,2103213.66,0.0,0.0,0.0,2026-07-31T00:00:00,2025-01-01T00:00:00,2026,3279431.08,0.0,0.0,0.0,0.0,2232117.35,111413.78,2963295.99,2720274.96,0.0,M,Monthly filer,1975-08-08,1975-07-10,0.0,2044168.66,59.33,1066957.77,977210.89,0.0,0.0,0.0,0.0,0.0,202608209903376144,224702.17,61717.5,0.0,AUGUST MONTHLY,2026,0.0,0.0,0.0,0.0,0.0,2084514.67,1866902.18,111413.78,49080.08,2963295.99,90.36,,,0.0,1637582.16,227.25,59045.0,0.0,1.71,REPUBLICAN PARTY,0.0,3445452.06,18698.99,0.0,0.0,0.0,0.0,0.0,278400.1,1047313.73,,[],0.0,725177.1,2026-07-31,567753.97,725177.1,0.0,186022.32,"PASCOE, DAVID",0.0,0.0,0.0,0.0,0.0
0.0,0.0,1942315.14,B,Lobbyist/Registrant PAC,C00001388,"DAIRY FARMERS OF AMERICA, INC. POLITICAL ACTION COMMITTEE; AKA DFA-PAC",KS,Q,PAC - Qualified,0.0,280003.08,93.84,0.0,0.0,2026-07-31T00:00:00,2025-01-01T00:00:00,2026,372454.78,0.0,0.0,349500.0,0.0,372454.78,0.0,22954.78,315285.81,0.0,M,Monthly filer,1975-03-07,1975-03-07,0.0,280003.08,88.81,197652.51,82350.57,0.0,0.0,0.0,0.0,0.0,202608189899551707,1885146.17,0.0,0.0,AUGUST MONTHLY,2026,0.0,0.0,0.0,0.0,0.0,280003.08,14915.68,0.0,8039.1,22954.78,6.16,V,Cooperative,0.0,22954.78,27243.63,0.0,0.0,0.0,,0.0,315285.81,0.0,0.0,0.0,0.0,0.0,0.0,0.0,0.0,,[],0.0,0.0,2026-06-30,0.0,0.0,0.0,0.0,"KNIGGE, MARY",0.0,0.0,0.0,0.0,0.0
0.0,0.0,5501.58,U,Unauthorized,C00001461,ALASKA STATE MEDICAL ASSOCIATION POLITICAL ACTION COMMITTEE (ALPAC),AK,Q,PAC - Qualified,0.0,3460.0,89.13,0.0,0.0,2026-06-30T00:00:00,2025-01-01T00:00:00,2026,4487.71,0.0,0.0,4000.0,0.0,4487.71,0.0,133.72,3460.0,0.0,Q,Quarterly filer,1975-10-03,1975-07-15,0.0,3460.0,100.0,3250.0,210.0,0.0,0.0,0.0,0.0,0.0,202607149875033865,4473.87,0.0,0.0,JULY QUARTERLY,2026,0.0,0.0,0.0,0.0,0.0,3460.0,133.72,0.0,0.0,133.72,2.98,M,Membership Organization,353.99,133.72,0.0,0.0,0.0,0.0,,0.0,3460.0,0.0,0.0,0.0,0.0,0.0,0.0,0.0,0.0,,[],0.0,0.0,2026-06-30,0.0,0.0,0.0,0.0,"POWELL, ELI MR.",0.0,0.0,0.0,0.0,0.0
0.0,0.0,2651572.58,B,Lobbyist/Registrant PAC,C00001636,SMART TD PAC,OH,Q,PAC - Qualified,20.0,1839299.82,48.98,0.0,0.0,2026-07-31T00:00:00,2025-01-01T00:00:00,2026,1529110.8,0.0,0.0,749000.0,21800.0,1529110.8,0.0,1659.8,1953572.84,0.0,M,Monthly filer,1975-03-07,1975-03-07,0.0,1839299.82,94.15,559799.97,1279499.85,0.0,0.0,0.0,0.0,0.0,202608209899808811,3076034.62,643.92,0.0,AUGUST MONTHLY,2026,0.0,0.0,0.0,0.0,0.0,1839279.82,1659.8,0.0,0.0,1659.8,0.11,L,Labor Organization,778431.0,1659.8,92473.02,0.0,0.0,0.0,,0.0,1953572.84,20.0,0.0,0.0,0.0,0.0,0.0,0.0,0.0,,[],0.0,0.0,2026-06-30,0.0,0.0,0.0,0.0,"LEONARD, BRENT C.",0.0,0.0,0.0,0.0,0.0
0.0,0.0,13054.76,U,Unauthorized,C00001727,BUSINESS-INDUSTRY POLITICAL ACTION COMMITTEE,DC,W,Hybrid PAC (with Non-Contribution Account) - Qualified,0.0,27404.97,2.47,0.0,0.0,2026-03-31T00:00:00,2025-01-01T00:00:00,2026,40461.22,0.0,0.0,1000.0,0.0,40461.22,0.0,33534.08,27406.46,0.0,T,Terminated,1975-08-22,1975-01-28,0.0,7404.97,27.02,7250.0,154.97,0.0,0.0,0.0,0.0,0.0,202604209863251104,0.0,0.0,0.0,TERMINATION REPORT,2026,0.0,0.0,0.0,0.0,0.0,27404.97,33534.08,0.0,0.0,33534.08,82.88,,,5927.14,33534.08,1.49,20000.0,0.0,72.98,UNKNOWN,0.0,27406.46,0.0,0.0,0.0,0.0,0.0,0.0,0.0,0.0,,[],0.0,0.0,2026-03-31,0.0,0.0,0.0,0.0,"LUNDY, KEVIN",0.0,0.0,0.0,0.0,0.0
0.0,0.0,98100.3,U,Unauthorized,C00001743,LOCAL 1814 ILA  POLITICAL ACTION AND EDUCATION FUND,NY,Q,PAC - Qualified,0.0,196879.61,0.0,0.0,0.0,2026-06-30T00:00:00,2025-01-01T00:00:00,2026,114141.27,0.0,0.0,0.0,0.0,114141.27,0.0,113141.27,196879.61,0.0,Q,Quarterly filer,1976-04-07,1975-03-11,0.0,196879.61,100.0,196879.61,0.0,0.0,0.0,0.0,0.0,0.0,202607169890838092,178360.28,0.0,0.0,JULY QUARTERLY,2026,0.0,0.0,0.0,0.0,0.0,196879.61,113141.27,0.0,0.0,113141.27,99.12,L,Labor Organization,1000.0,113141.27,0.0,0.0,0.0,0.0,,0.0,196879.61,0.0,0.0,0.0,0.0,0.0,0.0,0.0,0.0,,[],0.0,0.0,2026-06-30,0.0,0.0,0.0,0.0,"AGOSTA, FRANK",0.0,0.0,0.0,0.0,0.0
0.0,0.0,126721.19,U,Unauthorized,C00001917,WY DEMOCRATIC STATE CENTRAL COMMITTEE,WY,Y,Party - Qualified,190.0,142053.51,0.0,0.0,0.0,2026-07-31T00:00:00,2025-01-01T00:00:00,2026,559725.13,0.0,0.0,0.0,0.0,222588.71,0.0,532882.63,598742.97,0.0,M,Monthly filer,1975-07-15,1975-07-15,0.0,135343.51,22.42,83473.5,51870.01,0.0,0.0,0.0,0.0,0.0,202608209903336814,170739.03,13505.55,0.0,AUGUST MONTHLY,2026,0.0,0.0,0.0,0.0,0.0,141863.51,195746.21,0.0,0.0,532882.63,95.2,,,6652.5,106127.56,3575.61,6320.0,0.0,1.11,DEMOCRATIC PARTY,390.0,603742.97,190.0,0.0,0.0,0.0,0.0,0.0,89618.65,337136.42,,[],0.0,5000.0,2026-07-31,453113.85,5000.0,0.0,20000.0,"CASE, DUDLEY",0.0,0.0,0.0,0.0,0.0
0.0,0.0,2169737.6,B,Lobbyist/Registrant PAC,C00002089,COMMUNICATIONS WORKERS OF AMERICA - COPE POLITICAL CONTRIBUTIONS COMMITTEE,DC,Q,PAC - Qualified,40.0,5602055.07,43.18,0.0,0.0,2026-07-31T00:00:00,2025-01-01T00:00:00,2026,4266059.48,0.0,0.0,1842050.0,6500.0,4266059.48,0.0,472142.79,5608555.07,0.0,M,Monthly filer,1975-03-20,1975-03-08,0.0,5602055.07,99.88,1057860.46,4544194.61,0.0,0.0,0.0,0.0,0.0,202608079899422174,3512233.19,0.0,0.0,AUGUST MONTHLY,2026,0.0,0.0,0.0,0.0,0.0,5602015.07,472142.79,0.0,0.0,472142.79,11.07,L,Labor Organization,1951826.69,472142.79,0.0,0.0,0.0,0.0,,0.0,5608555.07,40.0,0.0,0.0,0.0,0.0,0.0,0.0,0.0,,[],0.0,0.0,2026-07-31,0.0,0.0,0.0,0.0,"SALAAM, AMEENAH",0.0,0.0,0.0,0.0,0.0
0.0,0.0,76322.4,B,Lobbyist/Registrant PAC,C00002238,NATIONAL COUNCIL OF FARMER COOPERATIVES CO-OP/PAC,DC,Q,PAC - Qualified,0.0,176600.0,82.49,0.0,0.0,2026-07-31T00:00:00,2025-01-01T00:00:00,2026,201233.4,0.0,0.0,166000.0,4500.0,201233.4,0.0,24647.62,181100.0,0.0,M,Monthly filer,1976-09-24,1975-03-06,0.0,104100.0,57.48,98410.0,5690.0,0.0,0.0,0.0,0.0,0.0,202608199899569338,56309.0,0.0,0.0,AUGUST MONTHLY,2026,0.0,0.0,0.0,0.0,0.0,176600.0,24647.62,0.0,0.0,24647.62,12.25,T,Trade Association,10585.78,24647.62,0.0,72500.0,0.0,40.03,,0.0,181100.0,0.0,0.0,0.0,0.0,0.0,0.0,0.0,0.0,,[],0.0,0.0,2026-06-30,0.0,0.0,0.0,0.0,"PETERSON, JANET",0.0,0.0,0.0,0.0,0.0
0.0,0.0,139880.75,B,Lobbyist/Registrant PAC,C00002261,FEDERATION OF AMERICAN HOSPITALS PAC,DC,Q,PAC - Qualified,500.0,721539.95,99.85,0.0,0.0,2026-07-31T00:00:00,2025-01-01T00:00:00,2026,771154.31,0.0,0.0,770000.0,5000.0,771154.31,0.0,654.31,726539.95,0.0,M,Monthly filer,1976-04-05,1975-03-04,0.0,679789.95,93.57,654053.6,25736.35,0.0,0.0,0.0,0.0,0.0,202608209899728256,95266.39,0.0,0.0,AUGUST MONTHLY,2026,0.0,0.0,0.0,0.0,0.0,721039.95,654.31,0.0,0.0,654.31,0.08,T,Trade Association,0.0,654.31,0.0,41750.0,0.0,5.75,UNKNOWN,0.0,726539.95,500.0,0.0,0.0,0.0,0.0,0.0,0.0,0.0,,[],0.0,0.0,2026-06-30,0.0,0.0,0.0,0.0,"LIRA, REBECCA MRS.",0.0,0.0,0.0,0.0,0.0
0.0,0.0,995698.87,B,Lobbyist/Registrant PAC,C00002469,MACHINISTS NON PARTISAN POLITICAL LEAGUE OF THE INTERNATIONAL ASSOCIATION OF MACHINISTS & AEROSPACE WORKERS,MD,Q,PAC - Qualified,27.52,3921097.27,66.72,0.0,0.0,2026-07-31T00:00:00,2025-01-01T00:00:00,2026,3519767.67,0.0,0.0,2348500.0,10000.0,3519767.67,0.0,11093.08,3931097.27,0.0,M,Monthly filer,1975-05-15,1975-03-06,0.0,3921097.27,99.75,1574404.5,2346692.77,0.0,0.0,0.0,0.0,0.0,202608079899409017,1407028.47,0.0,0.0,AUGUST MONTHLY,2026,0.0,0.0,0.0,0.0,0.0,3921069.75,11093.08,0.0,0.0,11093.08,0.32,L,Labor Organization,1160147.07,11093.08,0.0,0.0,0.0,0.0,NONE,0.0,3931097.27,27.52,0.0,0.0,0.0,0.0,0.0,0.0,0.0,,[],0.0,0.0,2026-07-31,0.0,0.0,0.0,0.0,"CERVANTES, DORA MS.",0.0,0.0,0.0,0.0,0.0
0.0,0.0,4561652.42,B,Lobbyist/Registrant PAC,C00002766,UNITED FOOD AND COMMERCIAL WORKERS INTERNATIONAL UNION ACTIVE BALLOT CLUB,DC,Q,PAC - Qualified,780.1,14357717.81,31.68,0.0,0.0,2026-07-31T00:00:00,2025-01-01T00:00:00,2026,8964959.11,0.0,0.0,2839750.0,14800.0,8964959.11,0.0,184728.11,14389040.69,0.0,M,Monthly filer,1975-09-12,1975-03-11,0.0,14357717.81,99.78,184001.41,14173716.4,0.0,0.0,0.0,0.0,0.0,202608209899667406,9985734.0,0.0,0.0,AUGUST MONTHLY,2026,0.0,0.0,0.0,0.0,0.0,14356937.71,184728.11,0.0,0.0,184728.11,2.06,L,Labor Organization,5939700.9,184728.11,16522.88,0.0,0.0,0.0,UNKNOWN,0.0,14389040.69,780.1,0.0,0.0,0.0,0.0,0.0,0.0,0.0,,[],0.0,0.0,2026-06-30,0.0,0.0,0.0,0.0,"JONES, MILTON",0.0,0.0,0.0,0.0,0.0
0.0,0.0,79716.86,U,Unauthorized,C00002790,OLIN CORPORATION GOOD GOVERNMENT FUND (OLIN WINCHESTER GOOD GOVERNMENT FUND),MO,Q,PAC - Qualified,0.0,106722.41,99.92,0.0,0.0,2026-07-31T00:00:00,2025-01-01T00:00:00,2026,100079.99,0.0,0.0,100000.0,0.0,100079.99,0.0,79.99,106722.41,0.0,M,Monthly filer,1975-10-06,1975-01-21,0.0,106722.41,100.0,75334.54,31387.87,0.0,0.0,0.0,0.0,0.0,202608179899537393,86359.28,0.0,0.0,AUGUST MONTHLY,2026,0.0,0.0,0.0,0.0,0.0,106722.41,79.99,0.0,0.0,79.99,0.08,C,Corporation,0.0,79.99,0.0,0.0,0.0,0.0,UNKNOWN,0.0,106722.41,0.0,0.0,0.0,0.0,0.0,0.0,0.0,0.0,,[],0.0,0.0,2026-06-30,0.0,0.0,0.0,0.0,"SLATER, TODD A MR.",0.0,0.0,0.0,0.0,0.0
0.0,0.0,1308693.45,B,Lobbyist/Registrant PAC,C00002832,COMMITTEE FOR GOOD GOVERNMENT INTERNATIONAL UNION UAW,MI,Q,PAC - Qualified,0.0,246444.49,0.0,0.0,0.0,2026-06-30T00:00:00,2025-01-01T00:00:00,2026,17558.75,0.0,0.0,0.0,0.0,17558.75,0.0,17558.75,280341.4,0.0,Q,Quarterly filer,1976-02-18,1975-03-12,0.0,246444.49,87.91,108607.41,137837.08,0.0,0.0,0.0,0.0,0.0,202607139874901468,1571476.1,0.0,0.0,JULY QUARTERLY,2026,0.0,0.0,0.0,0.0,0.0,246444.49,17558.75,0.0,0.0,17558.75,100.0,L,Labor Organization,0.0,17558.75,33896.91,0.0,0.0,0.0,,0.0,280341.4,0.0,0.0,0.0,0.0,0.0,0.0,0.0,0.0,,[],0.0,0.0,2026-06-30,0.0,0.0,0.0,0.0,"MOCK, MARGARET",0.0,0.0,0.0,0.0,0.0
0.0,0.0,10868682.31,B,Lobbyist/Registrant PAC,C00002840,UAW - V - CAP (UAW VOLUNTARY COMMUNITY ACTION PROGRAM) 'INT'L UNION UNITED AUTOMOBILE AEROSPACE & AGRICULTURAL IMPLEMENT WORKERS OF AMERICA UAW,MI,Q,PAC - Qualified,500.0,8909424.22,19.24,0.0,0.0,2026-06-30T00:00:00,2025-01-01T00:00:00,2026,3821962.37,0.0,0.0,734750.0,10000.0,3821962.37,0.0,1310659.71,9211638.05,0.0,Q,Quarterly filer,1975-05-18,1975-01-26,552.66,8909424.22,96.72,2231413.9,6678010.32,0.0,0.0,0.0,0.0,0.0,202608059899351084,16258357.99,0.0,0.0,JULY QUARTERLY,2026,0.0,0.0,0.0,0.0,0.0,8908924.22,1310609.71,0.0,50.0,1310659.71,34.29,L,Labor Organization,218700.0,1310659.71,292163.83,0.0,0.0,0.0,UNKNOWN,0.0,9211638.05,500.0,0.0,0.0,0.0,0.0,0.0,0.0,0.0,,[],0.0,0.0,2026-06-30,0.0,0.0,0.0,1556800.0,"MOCK, MARGARET",0.0,0.0,0.0,0.0,0.0
0.0,0.0,373743.32,B,Lobbyist/Registrant PAC,C00002881,TRUCKING POLITICAL ACTION COMMITTEE OF THE AMERICAN TRUCKING ASSOCIATIONS INC.,DC,Q,PAC - Qualified,2790.64,579393.43,99.29,0.0,0.0,2026-07-31T00:00:00,2025-01-01T00:00:00,2026,534125.14,0.0,0.0,530350.0,5000.0,534125.14,0.0,984.5,585081.93,0.0,M,Monthly filer,1975-07-17,1975-03-12,0.0,517893.43,88.52,504772.83,13120.6,0.0,0.0,0.0,0.0,0.0,202608209899719263,424700.11,0.0,0.0,AUGUST MONTHLY,2026,0.0,0.0,0.0,0.0,0.0,576602.79,296.0,0.0,688.5,984.5,0.18,T,Trade Association,0.0,984.5,0.0,61500.0,0.0,10.51,UNKNOWN,0.0,585081.93,2790.64,0.0,0.0,0.0,0.0,0.0,0.0,0.0,,[],0.0,0.0,2026-06-30,0.0,0.0,0.0,0.0,"KIELY, MICHAEL MR.",0.0,0.0,0.0,0.0,0.0
0.0,0.0,2345.04,U,Unauthorized,C00002907,ARKANSAS MEDICAL SOCIETY POLITICAL ACTION COMMITTEE,AR,Q,PAC - Qualified,0.0,3687.75,58.2,0.0,0.0,2026-06-30T00:00:00,2025-01-01T00:00:00,2026,3865.87,0.0,0.0,2250.0,0.0,3865.87,0.0,1615.87,3687.75,0.0,Q,Quarterly filer,1976-01-26,1975-07-10,0.0,3687.75,100.0,1500.0,2187.75,0.0,0.0,0.0,0.0,0.0,202607150300530508,2166.92,0.0,0.0,JULY QUARTERLY,2026,0.0,0.0,0.0,0.0,0.0,3687.75,1615.87,0.0,0.0,1615.87,41.8,T,Trade Association,0.0,1615.87,0.0,0.0,0.0,0.0,UNKNOWN,0.0,3687.75,0.0,0.0,0.0,0.0,0.0,0.0,0.0,0.0,,[],0.0,0.0,2025-06-30,0.0,0.0,0.0,0.0,"EUGENE M SHELBY, MD",0.0,0.0,0.0,0.0,0.0
0.0,0.0,2361477.9,B,Lobbyist/Registrant PAC,C00002972,NATIONAL RURAL ELECTRIC COOPERATIVE ASSOCIATION AMERICA'S ELECTRIC COOPERATIVES PAC,VA,Q,PAC - Qualified,85.0,3434535.59,60.48,0.0,0.0,2026-07-31T00:00:00,2025-01-01T00:00:00,2026,3631750.04,0.0,0.0,2196500.0,9500.0,3631750.04,0.0,31122.7,3532561.0,0.0,M,Monthly filer,1975-01-10,1975-01-10,0.0,3434535.59,97.23,1690067.31,1744468.28,0.0,0.0,0.0,0.0,0.0,202608199899580401,2262288.86,0.0,0.0,AUGUST MONTHLY,2026,0.0,0.0,0.0,0.0,0.0,3434450.59,31122.7,0.0,0.0,31122.7,0.86,T,Trade Association,909316.41,31122.7,88525.41,0.0,0.0,0.0,,0.0,3532561.0,85.0,0.0,0.0,0.0,0.0,0.0,0.0,0.0,,[],0.0,0.0,2026-07-31,0.0,0.0,0.0,494725.93,"LEWIS, AMY B",0.0,0.0,0.0,0.0,0.0
0.0,0.0,3151.16,U,Unauthorized,C00003061,NORTH DAKOTA MEDICAL ASSOCIATION POLITICAL ACTION COMMITTEE,ND,Q,PAC - Qualified,0.0,3750.0,0.0,0.0,0.0,2026-06-30T00:00:00,2025-01-01T00:00:00,2026,2200.0,0.0,0.0,0.0,0.0,0.0,0.0,0.0,0.0,0.0,Q,Quarterly filer,1976-05-21,1975-07-08,0.0,3750.0,100.0,3750.0,0.0,0.0,0.0,0.0,0.0,0.0,202607140300529707,4701.16,,,JULY QUARTERLY,2026,0.0,0.0,0.0,0.0,0.0,0.0,0.0,0.0,0.0,0.0,0.0,M,Membership Organization,2200.0,0.0,0.0,0.0,0.0,0.0,UNKNOWN,0.0,3750.0,0.0,0.0,0.0,0.0,0.0,0.0,0.0,0.0,,[],0.0,0.0,2025-06-30,0.0,0.0,0.0,0.0,JOSHUA RANUM,0.0,0.0,0.0,0.0,0.0
0.0,0.0,153851.31,U,Unauthorized,C00003111,MAINE REPUBLICAN PARTY,ME,Y,Party - Qualified,500.0,211604.88,0.0,0.0,0.0,2026-07-31T00:00:00,2025-01-01T00:00:00,2026,910396.3,0.0,0.0,0.0,0.0,444674.59,0.0,718238.08,956123.91,0.0,M,Monthly filer,1976-04-19,1976-01-12,0.0,203069.88,20.31,92032.03,111037.85,0.0,0.0,0.0,0.0,0.0,202608209903375503,243139.31,16500.0,0.0,AUGUST MONTHLY,2026,0.0,0.0,0.0,0.0,0.0,211104.88,251542.59,0.0,973.78,718238.08,78.89,,,0.0,128717.19,0.0,8535.0,0.0,0.85,REPUBLICAN PARTY,0.0,999684.3,500.0,0.0,0.0,0.0,0.0,0.0,123799.18,465721.71,,[],0.0,43560.39,2026-07-31,743545.25,43560.39,0.0,191658.24,"DILDA-GASPAR, TIFFANY",0.0,0.0,0.0,0.0,0.0
0.0,0.0,26101.24,U,Unauthorized,C00003152,NORTH CAROLINA MEDICAL SOCIETY FEDERAL POLITICAL EDUCATION AND ACTION COMMITTEE,NC,Q,PAC - Qualified,0.0,4539.98,,0.0,0.0,2026-06-30T00:00:00,2025-01-01T00:00:00,2026,0.0,0.0,0.0,0.0,0.0,0.0,0.0,0.0,4548.13,0.0,Q,Quarterly filer,1972-04-14,1972-04-14,0.0,4539.98,99.82,3499.98,1040.0,0.0,0.0,0.0,0.0,0.0,202607019874295468,30649.37,0.0,0.0,JULY QUARTERLY,2026,0.0,0.0,0.0,0.0,0.0,4539.98,0.0,0.0,0.0,0.0,,,,0.0,0.0,8.15,0.0,0.0,0.0,,0.0,4548.13,0.0,0.0,0.0,0.0,0.0,0.0,0.0,0.0,,[],0.0,0.0,2026-06-30,0.0,0.0,0.0,0.0,"THOMPSON, JOHN A.",0.0,0.0,0.0,0.0,0.0
0.0,0.0,259014.28,U,Unauthorized,C00003160,NORTH AMERICA'S BUILDING TRADES UNIONS POLITICAL EDUCATIONAL FUND,DC,Q,PAC - Qualified,625.51,201941.85,74.09,0.0,0.0,2026-07-31T00:00:00,2025-01-01T00:00:00,2026,234845.4,0.0,0.0,174000.0,0.0,234845.4,0.0,37219.89,204167.35,0.0,M,Monthly filer,1975-11-10,1975-07-24,0.0,197641.85,96.8,40617.35,157024.5,0.0,0.0,0.0,0.0,0.0,202608199899567584,228336.23,0.0,0.0,AUGUST MONTHLY,2026,0.0,0.0,0.0,0.0,0.0,201316.34,37219.89,0.0,0.0,37219.89,15.85,L,Labor Organization,23000.0,37219.89,2225.5,4300.0,0.0,2.11,UNKNOWN,0.0,204167.35,625.51,0.0,0.0,0.0,0.0,0.0,0.0,0.0,,[],0.0,0.0,2026-06-30,0.0,0.0,0.0,0.0,"BISHOP, BRANDON",0.0,0.0,0.0,0.0,0.0
0.0,0.0,493.4,U,Unauthorized,C00003194,CALIFORNIA MEDICAL ASSOCIATION POLITICAL ACTION COMMITTEE - FEDERAL,CA,Q,PAC - Qualified,0.0,19279.36,0.0,0.0,0.0,2026-06-30T00:00:00,2025-01-01T00:00:00,2026,5618.5,0.0,0.0,0.0,0.0,5618.5,0.0,5618.5,19279.36,0.0,Q,Quarterly filer,1975-07-07,1975-04-15,0.0,19279.36,100.0,4333.36,14946.0,0.0,0.0,0.0,0.0,0.0,202607109874858322,14154.26,0.0,0.0,JULY QUARTERLY,2026,0.0,0.0,0.0,0.0,0.0,19279.36,5618.5,0.0,0.0,5618.5,100.0,,,0.0,5618.5,0.0,0.0,0.0,0.0,UNKNOWN,0.0,19279.36,0.0,0.0,0.0,0.0,0.0,0.0,0.0,0.0,,[],0.0,0.0,2026-06-30,0.0,0.0,0.0,0.0,"MCENTIRE, SUSAN",0.0,0.0,0.0,0.0,0.0
0.0,0.0,45017.29,B,Lobbyist/Registrant PAC,C00003210,UTAH MEDICAL POLITICAL ACTION COMMITTEE,UT,Q,PAC - Qualified,0.0,64548.0,0.0,0.0,0.0,2026-06-30T00:00:00,2025-01-01T00:00:00,2026,65184.17,0.0,0.0,0.0,0.0,65184.17,0.0,0.0,64548.0,0.0,Q,Quarterly filer,1976-03-18,1975-07-08,0.0,64548.0,99.96,10525.0,54023.0,0.0,0.0,0.0,0.0,0.0,202607159880446772,28506.14,0.0,0.0,JULY QUARTERLY,2026,0.0,0.0,0.0,0.0,0.0,64548.0,0.0,0.0,0.0,0.0,0.0,M,Membership Organization,65184.17,0.0,0.0,0.0,0.0,0.0,,0.0,64573.83,0.0,0.0,0.0,0.0,0.0,0.0,0.0,0.0,,[],0.0,25.83,2026-06-30,0.0,25.83,0.0,0.0,"MCOMBER, MICHELLE",0.0,0.0,0.0,0.0,0.0
0.0,0.0,1801565.71,B,Lobbyist/Registrant PAC,C00003251,NEA FUND FOR CHILDREN AND PUBLIC EDUCATION,DC,Q,PAC - Qualified,0.0,3818158.75,77.01,0.0,0.0,2026-07-31T00:00:00,2025-01-01T00:00:00,2026,2356145.36,0.0,0.0,1814500.0,4000.0,2356145.36,0.0,50845.36,3822158.75,0.0,M,Monthly filer,1975-08-28,1975-03-07,0.0,3818158.75,99.9,1301001.92,2516956.83,0.0,0.0,0.0,0.0,0.0,202608209899719278,3267579.1,0.0,0.0,AUGUST MONTHLY,2026,0.0,0.0,0.0,0.0,0.0,3818158.75,50845.36,0.0,0.0,50845.36,2.16,L,Labor Organization,490800.0,50845.36,0.0,0.0,0.0,0.0,UNKNOWN,0.0,3822158.75,0.0,0.0,0.0,0.0,0.0,0.0,0.0,0.0,,[],0.0,0.0,2026-07-31,0.0,0.0,0.0,0.0,"CLUTTER, JENNIFER 1",0.0,0.0,0.0,0.0,0.0
0.0,0.0,38065147.99,U,Unauthorized,C00003418,REPUBLICAN NATIONAL COMMITTEE,DC,Y,Party - Qualified,265386.0,164439375.84,0.0,0.0,0.0,2026-07-31T00:00:00,2025-01-01T00:00:00,2026,205666635.27,0.0,0.0,5000.0,0.0,205666635.27,0.0,170378427.79,297960336.88,0.0,M,Monthly filer,1975-09-19,1975-05-10,0.0,163102269.19,54.74,93740716.58,69361552.61,0.0,0.0,0.0,0.0,0.0,202608209899780655,130358849.6,0.0,0.0,AUGUST MONTHLY,2026,0.0,0.0,0.0,0.0,0.0,164173989.84,162381581.22,0.0,7996846.57,170378427.79,82.84,,,29502370.48,170378427.79,95349431.26,1337106.65,0.0,0.45,REPUBLICAN PARTY,0.0,297960336.88,265386.0,0.0,0.0,0.0,0.0,0.0,0.0,0.0,,[],0.0,0.0,2026-07-31,30174683.21,0.0,0.0,5515451.0,"RICH, JENNIFER MRS.",0.0,0.0,0.0,0.0,0.0
0.0,0.0,14092.59,U,Unauthorized,C00003558,NATIONAL COMMITTEE FOR AN EFFECTIVE CONGRESS,DC,Q,PAC - Qualified,0.0,26851.0,13.53,0.0,0.0,2026-06-30T00:00:00,2025-01-01T00:00:00,2026,36950.83,0.0,0.0,5000.0,0.0,36950.83,0.0,31950.83,26851.0,0.0,Q,Quarterly filer,1976-08-05,1975-03-10,0.0,26851.0,100.0,19400.0,7451.0,0.0,0.0,0.0,0.0,0.0,202607139874941497,3992.76,0.0,0.0,JULY QUARTERLY,2026,0.0,0.0,0.0,0.0,0.0,26851.0,31950.83,0.0,0.0,31950.83,86.47,,,0.0,31950.83,0.0,0.0,0.0,0.0,NONE,0.0,26851.0,0.0,0.0,0.0,0.0,0.0,0.0,0.0,0.0,,[],0.0,0.0,2026-06-30,0.0,0.0,0.0,0.0,"FRAHER, BRIAN",0.0,0.0,0.0,0.0,0.0
0.0,0.0,6243559.41,B,Lobbyist/Registrant PAC,C00003590,UNITED STEELWORKERS POLITICAL ACTION FUND,PA,Q,PAC - Qualified,0.0,1888496.56,63.14,0.0,0.0,2026-07-31T00:00:00,2025-01-01T00:00:00,2026,1006428.15,0.0,0.0,635500.0,0.0,1006428.15,0.0,114488.45,1900489.57,0.0,M,Monthly filer,1975-03-05,1975-03-05,0.0,1888496.56,99.37,619624.82,1268871.74,0.0,0.0,0.0,0.0,0.0,202608189899553883,7137620.83,0.0,0.0,AUGUST MONTHLY,2026,0.0,0.0,0.0,0.0,0.0,1888496.56,114488.45,0.0,0.0,114488.45,11.38,L,Labor Organization,256439.7,114488.45,11993.01,0.0,0.0,0.0,NONE,0.0,1900489.57,0.0,0.0,0.0,0.0,0.0,0.0,0.0,0.0,,[],0.0,0.0,2026-07-31,0.0,0.0,0.0,0.0,"SULLIVAN, MYLES",0.0,0.0,0.0,0.0,0.0
0.0,0.0,1722040.25,B,Lobbyist/Registrant PAC,C00003632,INT'L UNION OF BRICKLAYERS AND ALLIED CRAFTWORKERS,DC,Q,PAC - Qualified,0.0,1661388.06,64.8,0.0,0.0,2026-07-31T00:00:00,2025-01-01T00:00:00,2026,1071716.82,0.0,0.0,694500.0,0.0,1071716.82,0.0,98466.82,1714927.26,0.0,M,Monthly filer,1975-12-24,1975-03-10,0.0,1661388.06,96.88,368914.14,1292473.92,0.0,0.0,0.0,0.0,0.0,202608199899588655,2365250.69,0.0,0.0,AUGUST MONTHLY,2026,0.0,0.0,0.0,0.0,0.0,1661388.06,93466.82,0.0,5000.0,98466.82,9.19,L,Labor Organization,278750.0,98466.82,48539.2,0.0,0.0,0.0,UNKNOWN,0.0,1714927.26,0.0,0.0,0.0,0.0,0.0,0.0,0.0,0.0,,[],0.0,0.0,2026-06-30,0.0,0.0,0.0,0.0,"SULLIVAN, JEREMIAH JR.",0.0,0.0,0.0,0.0,0.0
0.0,0.0,583536.79,B,Lobbyist/Registrant PAC,C00003764,NATIONAL RESTAURANT ASSOCIATION PAC (RESTAURANT PAC),DC,Q,PAC - Qualified,0.0,638522.49,92.51,0.0,0.0,2026-07-31T00:00:00,2025-01-01T00:00:00,2026,920444.38,0.0,0.0,851500.0,2500.0,920444.38,0.0,23944.38,641038.39,0.0,M,Monthly filer,1976-05-17,1976-04-19,0.0,615022.49,95.94,582429.44,32593.05,0.0,0.0,0.0,0.0,0.0,202608199899584943,304130.8,0.0,0.0,AUGUST MONTHLY,2026,0.0,0.0,0.0,0.0,0.0,638522.49,23944.38,0.0,0.0,23944.38,2.6,M,Membership Organization,45000.0,23944.38,15.9,23500.0,0.0,3.67,UNKNOWN,0.0,641038.39,0.0,0.0,0.0,0.0,0.0,0.0,0.0,0.0,,[],0.0,0.0,2026-06-30,0.0,0.0,0.0,0.0,"ROEHL, DAN",0.0,0.0,0.0,0.0,0.0
0.0,0.0,40072.68,B,Lobbyist/Registrant PAC,C00003806,AFL-CIO COPE POLITICAL CONTRIBUTIONS COMMITTEE,DC,Q,PAC - Qualified,0.0,24430.0,90.58,0.0,0.0,2026-06-30T00:00:00,2025-01-01T00:00:00,2026,6624.0,0.0,0.0,6000.0,0.0,6624.0,0.0,0.0,25054.0,0.0,Q,Quarterly filer,1975-03-10,1975-03-10,0.0,14430.0,57.6,7990.0,6440.0,0.0,0.0,0.0,0.0,0.0,202607149875041129,58502.68,0.0,0.0,JULY QUARTERLY,2026,0.0,0.0,0.0,0.0,0.0,24430.0,0.0,0.0,0.0,0.0,0.0,L,Labor Organization,624.0,0.0,624.0,10000.0,0.0,39.91,UNKNOWN,0.0,25054.0,0.0,0.0,0.0,0.0,0.0,0.0,0.0,0.0,,[],0.0,0.0,2026-06-30,0.0,0.0,0.0,0.0,"REDMOND, FREDRICK",0.0,0.0,0.0,0.0,0.0
0.0,0.0,70446.3,B,Lobbyist/Registrant PAC,C00003855,"NATIONAL CONFECTIONERS ASSOCIATION OF THE UNITED STATES, INC. POLITICAL ACTION COMMITTEE (CANDY PAC)",DC,Q,PAC - Qualified,9458.0,632988.63,81.74,0.0,0.0,2026-07-31T00:00:00,2025-01-01T00:00:00,2026,366416.88,0.0,0.0,299500.0,10000.0,366416.88,0.0,57458.88,675696.03,0.0,M,Monthly filer,1975-10-10,1975-07-10,0.0,617988.63,91.46,603185.35,14803.28,0.0,0.0,0.0,0.0,0.0,202608209899636735,379725.45,0.0,0.0,AUGUST MONTHLY,2026,0.0,0.0,0.0,0.0,0.0,623530.63,24751.48,0.0,32707.4,57458.88,15.68,T,Trade Association,0.0,57458.88,0.0,15000.0,0.0,2.22,,0.0,675696.03,9458.0,0.0,0.0,0.0,0.0,0.0,0.0,0.0,,[],0.0,0.0,2026-06-30,0.0,0.0,0.0,0.0,"THOMPSON, TRACY",0.0,0.0,0.0,0.0,0.0
0.0,0.0,57545.6,B,Lobbyist/Registrant PAC,C00003863,"DISTRICT NO. 1-PCD, MARINE ENGINEERS' BENEFICIAL ASSOCIATION - RETIREES' GROUP FUND (MEBA-RGF)",DC,Q,PAC - Qualified,27.57,2102.73,0.0,0.0,0.0,2026-07-31T00:00:00,2025-01-01T00:00:00,2026,59648.33,0.0,0.0,0.0,0.0,59648.33,0.0,1679.15,2102.73,0.0,T,Terminated,1975-07-12,1975-03-07,0.0,2102.73,100.0,578.65,1524.08,0.0,0.0,0.0,0.0,0.0,202608139899495357,0.0,0.0,0.0,TERMINATION REPORT,2026,0.0,0.0,0.0,0.0,0.0,2075.16,1679.15,0.0,0.0,1679.15,2.82,L,Labor Organization,91.28,1679.15,0.0,0.0,0.0,0.0,UNKNOWN,0.0,2102.73,27.57,0.0,0.0,0.0,0.0,0.0,0.0,0.0,,[],0.0,0.0,2026-07-31,0.0,0.0,0.0,57850.33,"REXHA, ROLAND",0.0,0.0,0.0,0.0,0.0
0.0,0.0,271415.97,U,Unauthorized,C00003988,NEBRASKA DEMOCRATIC PARTY,NE,Y,Party - Qualified,9631.0,589014.54,4.69,0.0,0.0,2026-07-31T00:00:00,2025-01-01T00:00:00,2026,1789918.94,0.0,0.0,2557.73,0.0,1328882.06,840878.61,665837.84,1499737.35,0.0,M,Monthly filer,1975-12-03,1975-10-14,81392.0,545214.54,31.64,337774.31,207440.23,0.0,0.0,0.0,0.0,0.0,202608209903336882,204613.25,152833.37,0.0,AUGUST MONTHLY,2026,0.0,0.0,0.0,0.0,0.0,579383.54,202073.76,840878.61,2727.2,665837.84,37.2,,,147000.0,81849.74,207091.87,43800.0,0.0,2.54,DEMOCRATIC PARTY,0.0,1723116.22,9631.0,0.0,0.0,0.0,0.0,0.0,122951.22,461036.88,,[],0.0,223378.87,2026-07-31,700903.74,223378.87,0.0,42621.76,"KESSLER, TED",0.0,0.0,0.0,0.0,0.0
0.0,0.0,7770505.62,B,Lobbyist/Registrant PAC,C00004036,SEIU COPE (SERVICE EMPLOYEES INTERNATIONAL UNION COMMITTEE ON POLITICAL EDUCATION),DC,Q,PAC - Qualified,-7166.84,65117961.66,22.25,0.0,0.0,2026-07-31T00:00:00,2025-01-01T00:00:00,2026,31197125.85,0.0,0.0,6682235.5,5000.0,31197125.85,0.0,6510411.68,77032755.5,0.0,M,Monthly filer,1976-04-14,1975-03-04,259909.56,65116961.66,84.53,165617.29,64951344.37,0.0,0.0,0.0,0.0,0.0,202608209903345679,53606135.27,3518981.96,0.0,AUGUST MONTHLY,2026,0.0,0.0,0.0,0.0,0.0,65125128.5,6409992.65,0.0,100419.03,6510411.68,20.87,L,Labor Organization,17751735.95,6510411.68,110000.0,1000.0,0.0,0.0,,0.0,77032755.5,-7166.84,0.0,0.0,0.0,0.0,0.0,0.0,0.0,,[],0.0,0.0,2026-06-30,11699374.81,0.0,0.0,0.0,"SAENZ, ROCIO",0.0,0.0,0.0,0.0,0.0
0.0,0.0,41045.77,B,Lobbyist/Registrant PAC,C00004101,NATIONAL UTILITY CONTRACTORS ASSOCIATION LEGISLATIVE INFORMATION AND ACTION COMMITTEE,VA,Q,PAC - Qualified,5000.0,21451.0,87.37,0.0,0.0,2026-06-30T00:00:00,2025-01-01T00:00:00,2026,44067.04,0.0,0.0,38500.0,0.0,44067.04,0.0,567.04,24297.86,0.0,Q,Quarterly filer,1976-05-07,1976-05-07,0.0,21451.0,88.28,21301.0,150.0,0.0,0.0,0.0,0.0,0.0,202607159875199036,21276.59,0.0,0.0,JULY QUARTERLY,2026,0.0,0.0,0.0,0.0,0.0,16451.0,567.04,0.0,0.0,567.04,1.29,T,Trade Association,0.0,567.04,2846.86,0.0,0.0,0.0,UNKNOWN,0.0,24297.86,5000.0,0.0,0.0,0.0,0.0,0.0,0.0,0.0,,[],0.0,0.0,2026-06-30,0.0,0.0,0.0,0.0,"BARRETT, CHRIS",0.0,0.0,0.0,0.0,0.0
0.0,0.0,2248335.37,B,Lobbyist/Registrant PAC,C00004275,AMERICAN BANKERS ASSOCIATION PAC (BANKPAC),DC,Q,PAC - Qualified,5000.0,528569.12,99.85,0.0,0.0,2026-07-31T00:00:00,2025-01-01T00:00:00,2026,3303500.0,0.0,0.0,3298500.0,31580.9,3303500.0,0.0,0.0,3177400.02,0.0,M,Monthly filer,1975-08-22,1975-07-08,0.0,463069.12,14.57,408566.9,54502.22,0.0,0.0,0.0,0.0,0.0,202608189899552257,2122235.39,0.0,0.0,AUGUST MONTHLY,2026,0.0,0.0,0.0,0.0,0.0,523569.12,0.0,0.0,0.0,0.0,0.0,T,Trade Association,0.0,0.0,0.0,65500.0,0.0,2.06,NONE,0.0,3177400.02,5000.0,0.0,0.0,0.0,0.0,0.0,0.0,0.0,,[],0.0,0.0,2026-06-30,2617250.0,0.0,0.0,0.0,"BROWN, MATTHEW J MR.",0.0,0.0,0.0,0.0,0.0
0.0,0.0,141232.45,B,Lobbyist/Registrant PAC,C00004325,SEAFARERS POLITICAL ACTIVITY DONATION - SEAFARERS INTERNATIONAL UNION OF NA-AGLIW,MD,Q,PAC - Qualified,0.0,903460.3,38.42,0.0,0.0,2026-07-31T00:00:00,2025-01-01T00:00:00,2026,721922.32,0.0,0.0,277341.67,0.0,721922.32,0.0,340661.15,1202724.96,0.0,M,Monthly filer,1976-07-10,1975-03-05,0.0,903460.3,75.12,102251.35,801208.95,0.0,0.0,0.0,0.0,0.0,202608189899544938,622035.09,0.0,0.0,AUGUST MONTHLY,2026,0.0,0.0,0.0,0.0,0.0,903460.3,340661.15,0.0,0.0,340661.15,47.19,L,Labor Organization,103919.5,340661.15,299263.66,0.0,0.0,0.0,,0.0,1202724.96,0.0,0.0,0.0,0.0,0.0,0.0,0.0,0.0,,[],0.0,0.0,2026-06-30,1.0,0.0,0.0,0.0,"ORZECHOWSKI, THOMAS JR.",0.0,0.0,0.0,0.0,0.0
0.0,0.0,332767.55,U,Unauthorized,C00004440,TEAMSTERS LOCAL 745 DRIVE,TX,Q,PAC - Qualified,0.0,65493.31,2.18,0.0,0.0,2026-06-30T00:00:00,2025-01-01T00:00:00,2026,114934.85,0.0,0.0,2500.0,0.0,114934.85,0.0,0.0,75546.38,0.0,Q,Quarterly filer,1975-10-10,1975-03-07,0.0,203.0,0.27,0.0,203.0,0.0,0.0,0.0,0.0,0.0,202607149875040695,293379.08,0.0,0.0,JULY QUARTERLY,2026,0.0,0.0,0.0,0.0,0.0,65493.31,0.0,0.0,0.0,0.0,0.0,L,Labor Organization,112434.85,0.0,10053.07,65290.31,0.0,86.42,,0.0,75546.38,0.0,0.0,0.0,0.0,0.0,0.0,0.0,0.0,,[],0.0,0.0,2026-06-30,0.0,0.0,0.0,0.0,"TAYLOR, BRENT",0.0,0.0,0.0,0.0,0.0
0.0,0.0,342626.46,B,Lobbyist/Registrant PAC,C00004473,NATIONAL TELECOMMUNICATIONS COOPERATIVE ASSOCIATION RURAL BROADBAND PAC,VA,Q,PAC - Qualified,0.0,779260.61,99.03,0.0,0.0,2026-07-31T00:00:00,2025-01-01T00:00:00,2026,656754.04,0.0,0.0,650400.0,7500.0,656754.04,0.0,0.0,786760.61,0.0,M,Monthly filer,1975-07-11,1975-03-14,0.0,779260.61,99.05,695720.52,83540.09,0.0,0.0,0.0,0.0,0.0,202608139899504912,472633.03,0.0,0.0,AUGUST MONTHLY,2026,0.0,0.0,0.0,0.0,0.0,779260.61,0.0,0.0,0.0,0.0,0.0,T,Trade Association,6354.04,0.0,0.0,0.0,0.0,0.0,,0.0,786760.61,0.0,0.0,0.0,0.0,0.0,0.0,0.0,0.0,,[],0.0,0.0,2026-07-31,0.0,0.0,0.0,0.0,"KOILPILLAI, MANO",0.0,0.0,0.0,0.0,0.0
0.0,0.0,12198.05,U,Unauthorized,C00004606,KANSAS REPUBLICAN PARTY,KS,Y,Party - Qualified,0.0,474178.11,0.0,0.0,0.0,2026-06-30T00:00:00,2025-01-01T00:00:00,2026,526488.25,0.0,0.0,0.0,0.0,526488.25,0.0,402398.53,558359.08,0.0,Q,Quarterly filer,1979-03-15,1975-07-10,0.0,421526.35,75.49,413329.23,8197.12,0.0,0.0,0.0,0.0,0.0,202608109899427501,44068.88,0.0,0.0,JULY QUARTERLY,2026,0.0,0.0,0.0,0.0,0.0,474178.11,402398.53,0.0,0.0,402398.53,76.43,,,124089.72,402398.53,11368.22,50651.76,0.0,9.43,REPUBLICAN PARTY,2000.0,558359.08,0.0,0.0,0.0,0.0,0.0,0.0,0.0,0.0,,[],0.0,0.0,2026-06-30,72812.75,0.0,0.0,0.0,"LOMSHEK, ROGER",0.0,0.0,0.0,0.0,0.0
0.0,0.0,809542.37,B,Lobbyist/Registrant PAC,C00004812,MORTGAGE BANKERS ASSOCIATION POLITICAL ACTION COMMITTEE (MORPAC),DC,Q,PAC - Qualified,17124.99,2478455.11,97.22,0.0,0.0,2026-07-31T00:00:00,2025-01-01T00:00:00,2026,2735504.26,0.0,0.0,2659462.52,4000.0,2735504.26,0.0,58916.75,2527368.43,0.0,M,Monthly filer,1976-06-24,1975-03-06,0.0,2321255.11,91.84,2177830.43,143424.68,0.0,0.0,0.0,0.0,0.0,202608209903335725,601406.54,0.0,0.0,AUGUST MONTHLY,2026,0.0,0.0,0.0,0.0,0.0,2461330.12,14003.43,0.0,44913.32,58916.75,2.15,T,Trade Association,0.0,58916.75,0.0,157200.0,0.0,6.22,UNKNOWN,0.0,2527368.43,17124.99,0.0,0.0,0.0,0.0,0.0,0.0,0.0,,[],0.0,0.0,2026-06-30,0.0,0.0,0.0,0.0,"KILLMER, WILLIAM MR.",0.0,0.0,0.0,0.0,0.0
0.0,0.0,1180916.73,B,Lobbyist/Registrant PAC,C00004861,UNITE HERE TIP CAMPAIGN COMMITTEE,NY,Q,PAC - Qualified,6999.0,1534453.63,76.24,0.0,0.0,2026-07-31T00:00:00,2025-01-01T00:00:00,2026,618408.46,0.0,0.0,471500.0,0.0,618408.46,0.0,3159.46,1559730.37,0.0,M,Monthly filer,1975-10-20,1975-04-07,0.0,1534453.63,98.38,71297.06,1463156.57,0.0,0.0,0.0,0.0,0.0,202608189899550789,2122238.64,0.0,0.0,AUGUST MONTHLY,2026,0.0,0.0,0.0,0.0,0.0,1527454.63,1842.46,0.0,1317.0,3159.46,0.51,L,Labor Organization,136750.0,3159.46,23959.74,0.0,0.0,0.0,,0.0,1559730.37,6999.0,0.0,0.0,0.0,0.0,0.0,0.0,0.0,,[],0.0,0.0,2026-07-31,0.0,0.0,0.0,0.0,"TANNU, ZAINA",0.0,0.0,0.0,0.0,0.0
0.0,0.0,367199.39,B,Lobbyist/Registrant PAC,C00004879,AMERICAN BUS ASSOCIATION POLITICAL ACTION COMMITTEE - BUSPAC,DC,Q,PAC - Qualified,0.0,125996.54,91.1,0.0,0.0,2026-07-31T00:00:00,2025-01-01T00:00:00,2026,88363.1,0.0,0.0,80500.0,1000.0,88363.1,0.0,2984.0,147314.64,0.0,M,Monthly filer,1975-09-29,1975-03-14,0.0,125946.54,85.49,123266.54,2680.0,0.0,0.0,0.0,0.0,0.0,202608209899672848,426140.93,0.0,0.0,AUGUST MONTHLY,2026,0.0,0.0,0.0,0.0,0.0,125996.54,2984.0,0.0,0.0,2984.0,3.38,T,Trade Association,4879.1,2984.0,20318.1,50.0,0.0,0.03,UNKNOWN,0.0,147314.64,0.0,0.0,0.0,0.0,0.0,0.0,0.0,0.0,,[],0.0,0.0,2026-06-30,0.0,0.0,0.0,0.0,"BRAENDEL, ERIC MR.",0.0,0.0,0.0,0.0,0.0
0.0,0.0,313894.01,U,Unauthorized,C00004911,ALABAMA MEDICAL PAC CONNECTED WITH THE MEDICAL ASSOCIATION OF THE STATE OF ALABAMA,AL,Q,PAC - Qualified,0.0,0.0,0.0,0.0,0.0,2026-06-30T00:00:00,2025-01-01T00:00:00,2026,9078.44,0.0,0.0,0.0,0.0,9078.44,0.0,9078.44,19400.85,0.0,Q,Quarterly filer,1976-06-01,1975-07-08,0.0,0.0,0.0,0.0,0.0,0.0,0.0,0.0,0.0,0.0,202607019874305473,324216.42,0.0,0.0,JULY QUARTERLY,2026,0.0,0.0,0.0,0.0,0.0,0.0,9078.44,0.0,0.0,9078.44,100.0,M,Membership Organization,0.0,9078.44,19400.85,0.0,0.0,0.0,UNKNOWN,0.0,19400.85,0.0,0.0,0.0,0.0,0.0,0.0,0.0,0.0,,[],0.0,0.0,2026-06-30,0.0,0.0,0.0,0.0,"CORLEY, NIKO",0.0,0.0,0.0,0.0,0.0
0.0,0.0,403967.46,U,Unauthorized,C00004952,ELECTRIC COOPERATIVES OF MISSISSIPPI ACTION COMMITTEE FOR RURAL ELECTRIFICATION,MS,Q,PAC - Qualified,0.0,0.0,96.54,0.0,0.0,2026-06-30T00:00:00,2025-01-01T00:00:00,2026,22271.25,0.0,0.0,21500.0,0.0,22271.25,0.0,0.0,70362.7,0.0,Q,Quarterly filer,1976-06-23,1975-07-08,0.0,0.0,0.0,0.0,0.0,0.0,0.0,0.0,0.0,0.0,202607099874836671,452058.91,0.0,0.0,JULY QUARTERLY,2026,0.0,0.0,0.0,0.0,0.0,0.0,0.0,0.0,0.0,0.0,0.0,C,Corporation,771.25,0.0,0.0,0.0,0.0,0.0,UNKNOWN,0.0,70362.7,0.0,0.0,0.0,0.0,0.0,0.0,0.0,0.0,,[],0.0,0.0,2026-06-30,70362.7,0.0,0.0,0.0,"CALLAHAN, MICHAEL - MR.",0.0,0.0,0.0,0.0,0.0
0.0,0.0,227103.51,B,Lobbyist/Registrant PAC,C00004994,NATIONAL ASSOCIATION OF PROFESSIONAL INSURANCE AGENTS POLITICAL ACTION COMMITTEE (PIAPAC),VA,Q,PAC - Qualified,0.0,37504.3,91.84,0.0,0.0,2026-07-31T00:00:00,2025-01-01T00:00:00,2026,17966.95,0.0,0.0,16500.0,0.0,17966.95,0.0,1456.95,37534.3,0.0,M,Monthly filer,1976-02-06,1975-02-28,0.0,37504.3,99.92,28330.0,9174.3,0.0,0.0,0.0,0.0,0.0,202608059899345892,246670.86,0.0,0.0,AUGUST MONTHLY,2026,0.0,0.0,0.0,0.0,0.0,37504.3,1456.95,0.0,0.0,1456.95,8.11,T,Trade Association,10.0,1456.95,30.0,0.0,0.0,0.0,NONE,0.0,37534.3,0.0,0.0,0.0,0.0,0.0,0.0,0.0,0.0,,[],0.0,0.0,2026-07-31,0.0,0.0,0.0,0.0,"SKIADOS, MICHAEL",0.0,0.0,0.0,0.0,0.0
0.0,0.0,281464.78,B,Lobbyist/Registrant PAC,C00005157,INTERNATIONAL BROTHERHOOD OF BOILERMAKERS CAMPAIGN ASSISTANCE FUND,MO,Q,PAC - Qualified,0.0,541944.71,94.67,0.0,0.0,2026-07-31T00:00:00,2025-01-01T00:00:00,2026,409314.71,0.0,0.0,387500.0,0.0,409314.71,0.0,21814.71,550211.69,0.0,M,Monthly filer,1976-09-27,1975-03-04,0.0,541944.71,98.5,23633.7,518311.01,0.0,0.0,0.0,0.0,0.0,202608179899528064,422361.76,0.0,0.0,AUGUST MONTHLY,2026,0.0,0.0,0.0,0.0,0.0,541944.71,21814.71,0.0,0.0,21814.71,5.33,L,Labor Organization,0.0,21814.71,8266.98,0.0,0.0,0.0,,0.0,550211.69,0.0,0.0,0.0,0.0,0.0,0.0,0.0,0.0,,[],0.0,0.0,2026-06-30,0.0,0.0,0.0,0.0,"PENNY, CLINTON J",0.0,0.0,0.0,0.0,0.0
0.0,0.0,67610.48,U,Unauthorized,C00005173,STATE DEMOCRATIC EXECUTIVE COMMITTEE OF ALABAMA,AL,Y,Party - Qualified,449.0,379171.85,0.0,0.0,0.0,2026-07-31T00:00:00,2025-01-01T00:00:00,2026,1130295.85,0.0,0.0,0.0,0.0,787892.04,606527.48,488939.85,1102161.59,0.0,M,Monthly filer,1976-07-10,1975-01-12,0.0,365571.85,28.78,135116.72,230455.13,0.0,0.0,0.0,0.0,0.0,202608209899757378,207460.95,21112.64,0.0,AUGUST MONTHLY,2026,0.0,0.0,0.0,0.0,0.0,378722.85,146519.04,606527.48,17.0,488939.85,43.26,,,2129.52,55454.43,210714.09,13600.0,0.0,1.07,DEMOCRATIC PARTY,0.0,1270146.32,449.0,0.0,0.0,0.0,0.0,0.0,91081.61,342403.81,,[],0.0,167984.73,2026-06-30,512258.65,167984.73,0.0,32250.0,"GENTLE, ED",0.0,0.0,0.0,0.0,0.0
0.0,0.0,1023650.26,B,Lobbyist/Registrant PAC,C00005249,NATIONAL ASSOCIATION OF INSURANCE AND FINANCIAL ADVISORS POLITICAL ACTION COMM,VA,Q,PAC - Qualified,0.0,1206553.76,97.63,0.0,0.0,2026-07-31T00:00:00,2025-01-01T00:00:00,2026,1166612.27,0.0,0.0,1139000.0,16500.0,1166612.27,0.0,27612.27,1252942.0,0.0,M,Monthly filer,1975-07-04,1975-03-10,0.0,1196553.76,95.5,776449.94,420103.82,0.0,0.0,0.0,0.0,0.0,202608139899506192,1109979.99,0.0,0.0,AUGUST MONTHLY,2026,0.0,0.0,0.0,0.0,0.0,1206553.76,27612.27,0.0,0.0,27612.27,2.37,T,Trade Association,0.0,27612.27,29888.24,10000.0,0.0,0.8,UNKNOWN,0.0,1252942.0,0.0,0.0,0.0,0.0,0.0,0.0,0.0,0.0,,[],0.0,0.0,2026-07-31,0.0,0.0,0.0,0.0,"DOUGHERTY, PAUL",0.0,0.0,0.0,0.0,0.0
0.0,0.0,23521.03,U,Unauthorized,C00005462,10TH DISTRICT REPUBLICAN CONGRESSIONAL COMMITTEE,VA,Y,Party - Qualified,0.0,106436.61,0.0,0.0,0.0,2026-07-31T00:00:00,2025-01-01T00:00:00,2026,83923.83,0.0,0.0,0.0,0.0,83923.83,0.0,83923.83,108661.61,0.0,M,Monthly filer,1980-01-22,1976-10-29,0.0,103411.61,95.17,74965.06,28446.55,0.0,0.0,0.0,0.0,0.0,202608169899526644,48258.81,0.0,0.0,AUGUST MONTHLY,2026,0.0,0.0,0.0,0.0,0.0,106436.61,83923.83,0.0,0.0,83923.83,100.0,M,Membership Organization,0.0,83923.83,0.0,3025.0,0.0,2.78,REPUBLICAN PARTY,0.0,108661.61,0.0,0.0,0.0,0.0,0.0,0.0,0.0,0.0,,[],0.0,0.0,2026-07-31,2225.0,0.0,0.0,0.0,"CROFT, GEORGE",0.0,0.0,0.0,0.0,0.0
0.0,0.0,265921.01,U,Unauthorized,C00005561,DEMOCRATIC EXECUTIVE COMMITTEE OF FLORIDA,FL,Y,Party - Qualified,46935.21,3385763.5,0.03,0.0,0.0,2026-07-31T00:00:00,2025-01-01T00:00:00,2026,7006715.76,0.0,0.0,2000.0,0.0,3506223.88,750648.23,5427940.88,4556476.72,0.0,M,Monthly filer,1976-07-10,1976-03-23,0.0,3205513.5,44.32,1952599.79,1252913.71,0.0,0.0,0.0,0.0,0.0,202608219903381290,491420.03,6325.0,0.0,AUGUST MONTHLY,2026,0.0,0.0,0.0,0.0,0.0,3338828.29,1870333.82,750648.23,57115.18,5427940.88,77.47,,,720691.44,1028419.57,508489.4,180250.0,0.0,2.49,DEMOCRATIC PARTY,0.0,7232214.78,41935.21,5000.0,0.0,0.0,0.0,0.0,899029.43,3500491.88,,[],0.0,2675738.06,2026-07-31,605108.64,2675738.06,0.0,58500.0,"HODGE, WES",0.0,0.0,0.0,0.0,0.0
0.0,0.0,729909.16,B,Lobbyist/Registrant PAC,C00005660,AMERICAN ASSOCIATION OF ORAL & MAXILLOFACIAL SURGEONS POLITICAL ACTION COMMITTEE,IL,Q,PAC - Qualified,0.0,328458.0,93.45,0.0,0.0,2026-07-31T00:00:00,2025-01-01T00:00:00,2026,317286.08,0.0,0.0,296500.0,3500.0,317286.08,0.0,20786.08,353178.47,0.0,M,Monthly filer,1975-09-22,1975-03-13,0.0,328458.0,93.0,315329.0,13129.0,0.0,0.0,0.0,0.0,0.0,202608209903374069,765801.55,0.0,0.0,AUGUST MONTHLY,2026,0.0,0.0,0.0,0.0,0.0,328458.0,20786.08,0.0,0.0,20786.08,6.55,,,0.0,20786.08,21220.47,0.0,0.0,0.0,UNKNOWN,0.0,353178.47,0.0,0.0,0.0,0.0,0.0,0.0,0.0,0.0,,[],0.0,0.0,2026-06-30,0.0,0.0,0.0,0.0,"ZYSSET, MONTE DR.",0.0,0.0,0.0,0.0,0.0
0.0,0.0,16659.71,U,Unauthorized,C00005785,"WYOMING REPUBLICAN PARTY, INC.",WY,Y,Party - Qualified,0.0,210803.02,0.0,0.0,0.0,2026-07-31T00:00:00,2025-01-01T00:00:00,2026,419879.77,0.0,0.0,0.0,0.0,199664.38,0.0,367797.82,338164.77,0.0,M,Monthly filer,1975-11-19,1975-07-09,0.0,206398.52,44.24,121908.32,84490.2,0.0,0.0,0.0,0.0,0.0,202608209903308963,63351.11,0.0,0.0,AUGUST MONTHLY,2026,0.0,0.0,0.0,0.0,0.0,210803.02,138572.49,0.0,9009.94,367797.82,87.6,,,0.0,88979.5,19.86,4404.5,0.0,0.94,REPUBLICAN PARTY,0.0,466571.17,0.0,0.0,0.0,0.0,0.0,0.0,58602.93,220215.39,,[],0.0,128406.4,2026-07-31,118331.95,128406.4,0.0,52081.95,"TYRRELL, DALLAS W",0.0,0.0,0.0,0.0,0.0
0.0,0.0,3840.23,U,Unauthorized,C00005801,6TH CONGRESSIONAL DISTRICT REPUBLICAN FEDERAL COMMITTEE,VA,Y,Party - Qualified,0.0,1200.0,0.0,0.0,0.0,2026-06-30T00:00:00,2025-01-01T00:00:00,2026,415.0,0.0,0.0,0.0,0.0,415.0,0.0,415.0,1200.0,0.0,Q,Quarterly filer,1976-07-06,1975-11-13,0.0,1200.0,100.0,700.0,500.0,0.0,0.0,0.0,0.0,0.0,202607099874840510,4358.01,0.0,0.0,JULY QUARTERLY,2026,0.0,0.0,0.0,0.0,0.0,1200.0,415.0,0.0,0.0,415.0,100.0,,,0.0,415.0,0.0,0.0,0.0,0.0,REPUBLICAN PARTY,0.0,1200.0,0.0,0.0,0.0,0.0,0.0,0.0,0.0,0.0,,[],0.0,0.0,2026-06-30,0.0,0.0,0.0,0.0,"LILLY, SHEILA EILEEN MRS.",0.0,0.0,0.0,0.0,0.0
0.0,0.0,141105.01,U,Unauthorized,C00005926,ILLINOIS REPUBLICAN PARTY - FEDERAL,IL,Y,Party - Qualified,10845.37,1375464.88,0.0,0.0,0.0,2026-07-31T00:00:00,2025-01-01T00:00:00,2026,1845909.41,0.0,0.0,0.0,0.0,1387549.18,206944.35,1401583.47,1632727.31,0.0,M,Monthly filer,1976-07-10,1975-07-11,0.0,1333425.8,68.25,961005.54,372420.26,0.0,0.0,0.0,0.0,0.0,202608209903334323,248999.55,0.0,0.0,AUGUST MONTHLY,2026,0.0,0.0,0.0,0.0,0.0,1364619.51,938276.72,206944.35,4946.52,1401583.47,75.93,,,900.0,821380.68,2740.63,42039.08,0.0,2.15,REPUBLICAN PARTY,0.0,1953803.95,10845.37,0.0,0.0,0.0,0.0,0.0,121842.56,458360.23,,[],0.0,321076.64,2026-07-31,249575.28,301076.64,20000.0,225636.22,"LAMAR, CYNTHIA",0.0,0.0,0.0,0.0,0.0
0.0,0.0,25974.03,B,Lobbyist/Registrant PAC,C00006080,AMERICAN HEALTH CARE ASSOCIATION POLITICAL ACTION COMMITTEE,TX,Q,PAC - Qualified,10000.0,701405.64,96.08,0.0,0.0,2026-07-31T00:00:00,2025-01-01T00:00:00,2026,574642.46,0.0,0.0,552100.0,2500.0,574642.46,0.0,12542.46,703905.8,0.0,M,Monthly filer,1976-01-30,1975-07-09,0.0,676405.64,96.09,663618.94,12786.7,0.0,0.0,0.0,0.0,0.0,202608189899545229,155237.37,0.0,0.0,AUGUST MONTHLY,2026,0.0,0.0,0.0,0.0,0.0,691405.64,12542.46,0.0,0.0,12542.46,2.18,T,Trade Association,0.0,12542.46,0.16,25000.0,0.0,3.55,,0.0,703905.8,10000.0,0.0,0.0,0.0,0.0,0.0,0.0,0.0,,[],0.0,0.0,2026-06-30,0.0,0.0,0.0,0.0,"THOMAS, TINA",0.0,0.0,0.0,0.0,0.0
0.0,0.0,97403.27,U,Unauthorized,C00006486,"INDIANA REPUBLICAN STATE COMMITTEE, INC.",IN,Y,Party - Qualified,5375.0,1112463.07,0.0,0.0,0.0,2026-07-31T00:00:00,2025-01-01T00:00:00,2026,3677128.11,0.0,0.0,0.0,0.0,1044026.44,81590.6,3405019.48,2526109.48,0.0,M,Monthly filer,1976-04-09,1975-03-06,0.0,1000354.74,23.33,920123.84,80230.9,0.0,0.0,0.0,0.0,0.0,202608209899619923,708812.36,0.0,0.0,AUGUST MONTHLY,2026,0.0,0.0,0.0,0.0,0.0,1107088.07,771917.81,81590.6,0.0,3405019.48,92.6,,,0.0,122734.35,0.0,112108.33,0.0,2.61,REPUBLICAN PARTY,0.0,4288537.2,5375.0,0.0,0.0,0.0,0.0,0.0,649183.46,2633101.67,,[],0.0,1762427.72,2026-07-31,1413646.41,1762427.72,0.0,185143.03,"LUCAS, ERIN",0.0,0.0,0.0,0.0,0.0
0.0,0.0,117018.17,B,Lobbyist/Registrant PAC,C00007070,TEXAS INSTRUMENTS INCORPORATED POLITICAL ACTION COMMITTEE (TI PAC),TX,Q,PAC - Qualified,0.0,100289.64,81.05,0.0,0.0,2026-07-31T00:00:00,2025-01-01T00:00:00,2026,69093.8,0.0,0.0,56000.0,5000.0,69093.8,0.0,93.8,105289.64,0.0,M,Monthly filer,1976-01-26,1975-03-13,0.0,100289.64,95.25,85355.98,14933.66,0.0,0.0,0.0,0.0,0.0,202608209899655460,153214.01,0.0,0.0,AUGUST MONTHLY,2026,0.0,0.0,0.0,0.0,0.0,100289.64,93.8,0.0,0.0,93.8,0.14,C,Corporation,13000.0,93.8,0.0,0.0,0.0,0.0,,0.0,105289.64,0.0,0.0,0.0,0.0,0.0,0.0,0.0,0.0,,[],0.0,0.0,2026-06-30,0.0,0.0,0.0,0.0,"SCHAEFER, VIRGINIA M",0.0,0.0,0.0,0.0,0.0
0.0,0.0,369863.03,B,Lobbyist/Registrant PAC,C00007450,AMERICAN GAS ASSOCIATION POLITICAL ACTION COMMITTEE,DC,Q,PAC - Qualified,0.0,455707.12,99.76,0.0,0.0,2026-07-31T00:00:00,2025-01-01T00:00:00,2026,335310.11,0.0,0.0,334500.0,5000.0,335310.11,0.0,810.11,460707.12,0.0,M,Monthly filer,1976-10-26,1975-03-13,0.0,183207.12,39.77,169972.29,13234.83,0.0,0.0,0.0,0.0,0.0,202608189899546927,495260.04,0.0,0.0,AUGUST MONTHLY,2026,0.0,0.0,0.0,0.0,0.0,455707.12,810.11,0.0,0.0,810.11,0.24,M,Membership Organization,0.0,810.11,0.0,272500.0,0.0,59.15,,0.0,460707.12,0.0,0.0,0.0,0.0,0.0,0.0,0.0,0.0,,[],0.0,0.0,2026-06-30,0.0,0.0,0.0,0.0,"ALLEN, DOUGLAS",0.0,0.0,0.0,0.0,0.0
0.0,0.0,198572.62,B,Lobbyist/Registrant PAC,C00007542,"INTERNATIONAL ASSOCIATION OF SHEET METAL, AIR, RAIL AND TRANSPORTATION WORKERS POLITICAL ACTION LEAGUE",DC,Q,PAC - Qualified,0.0,3585753.14,68.63,0.0,0.0,2026-07-31T00:00:00,2025-01-01T00:00:00,2026,3721877.87,0.0,0.0,2554300.0,0.0,3721877.87,0.0,6877.87,3585765.71,0.0,M,Monthly filer,1976-05-10,1975-03-06,0.0,3585753.14,100.0,375503.58,3210249.56,0.0,0.0,0.0,0.0,0.0,202608059899351403,62460.46,0.0,0.0,AUGUST MONTHLY,2026,0.0,0.0,0.0,0.0,0.0,3585753.14,6877.87,0.0,0.0,6877.87,0.18,L,Labor Organization,1160700.0,6877.87,12.57,0.0,0.0,0.0,,0.0,3585765.71,0.0,0.0,0.0,0.0,0.0,0.0,0.0,0.0,,[],0.0,0.0,2026-07-31,0.0,0.0,0.0,0.0,"DANIEL, JOHN",0.0,0.0,0.0,0.0,0.0
0.0,0.0,69466.87,U,Unauthorized,C00007658,DEMOCRATIC PARTY OF SOUTH CAROLINA,SC,Y,Party - Qualified,6032.31,1328593.1,0.0,0.0,0.0,2026-07-31T00:00:00,2025-01-01T00:00:00,2026,2941911.0,0.0,0.0,0.0,0.0,1995389.58,1301302.67,1285457.16,2544037.51,0.0,M,Monthly filer,1976-07-10,1975-07-14,0.0,864136.74,29.39,392594.07,471542.67,0.0,0.0,0.0,0.0,0.0,202608209903374679,67801.32,33327.0,0.0,AUGUST MONTHLY,2026,0.0,0.0,0.0,0.0,0.0,1322560.79,338541.66,1301302.67,394.08,1285457.16,43.69,,,33118.86,64947.06,726359.9,463956.36,0.0,15.8,DEMOCRATIC PARTY,500.0,2940245.45,6032.31,0.0,0.0,0.0,0.0,0.0,273988.68,946521.42,,[],0.0,396207.94,2026-07-31,488690.43,396207.94,0.0,316000.0,"DOVE, KENDRA",0.0,0.0,0.0,0.0,0.0
0.0,0.0,37012.32,U,Unauthorized,C00007849,SPEAK UP FOR RURAL ELECTRIFICATION,KY,Q,PAC - Qualified,0.0,0.0,99.87,0.0,0.0,2026-06-30T00:00:00,2025-01-01T00:00:00,2026,35044.25,0.0,0.0,35000.0,0.0,35044.25,0.0,35.4,50715.81,0.0,Q,Quarterly filer,1975-09-05,1975-09-05,0.0,0.0,0.0,0.0,0.0,0.0,0.0,0.0,0.0,0.0,202607099874816235,52683.88,0.0,0.0,JULY QUARTERLY,2026,0.0,0.0,0.0,0.0,0.0,0.0,35.4,0.0,0.0,35.4,0.1,V,Cooperative,8.85,35.4,0.0,0.0,0.0,0.0,,0.0,50715.81,0.0,0.0,0.0,0.0,0.0,0.0,0.0,0.0,,[],0.0,0.0,2026-06-30,50715.81,0.0,0.0,0.0,"HARGADON, FRANK PAT",0.0,0.0,0.0,0.0,0.0
0.0,0.0,818633.82,B,Lobbyist/Registrant PAC,C00007880,"AMERICA'S CREDIT UNIONS PAC OF CREDIT UNION NATIONAL ASSOCIATION, INC.",DC,Q,PAC - Qualified,1000.1,3148593.12,97.7,0.0,0.0,2026-07-31T00:00:00,2025-01-01T00:00:00,2026,3519390.65,0.0,0.0,2638500.0,5000.0,3519390.65,0.0,76504.7,4191964.38,0.0,M,Monthly filer,1976-10-01,1975-03-13,799999.87,3148593.12,75.11,1537282.11,1611311.01,0.0,0.0,0.0,0.0,0.0,202608209899608328,1491207.55,0.0,0.0,AUGUST MONTHLY,2026,0.0,0.0,0.0,0.0,0.0,3147593.02,27048.7,0.0,49456.0,76504.7,2.17,T,Trade Association,3385.98,76504.7,61071.18,0.0,0.0,0.0,,0.0,4191964.38,1000.1,0.0,0.0,0.0,0.0,0.0,0.0,0.0,,[],0.0,0.0,2026-06-30,927844.08,0.0,0.0,0.0,"MESACK, GREG",0.0,0.0,0.0,0.0,0.0
0.0,0.0,2372546.54,U,Unauthorized,C00007898,OFFICE AND PROFESSIONAL EMPLOYEES INTERNATIONAL UNION (OPEIU) JB MOSS VOICE OF THE ELECTORATE (VOTE),NY,Q,PAC - Qualified,0.0,832941.71,19.05,0.0,0.0,2026-06-30T00:00:00,2025-01-01T00:00:00,2026,262474.96,0.0,0.0,50000.0,0.0,262474.96,144750.0,25424.96,833450.74,0.0,Q,Quarterly filer,1976-07-28,1975-03-03,0.0,832941.71,99.94,197772.8,635168.91,0.0,0.0,0.0,0.0,0.0,202607099874807444,2943522.32,0.0,0.0,JULY QUARTERLY,2026,0.0,0.0,0.0,0.0,0.0,832941.71,25424.96,144750.0,0.0,25424.96,9.69,L,Labor Organization,42300.0,25424.96,509.03,0.0,0.0,0.0,UNKNOWN,0.0,833450.74,0.0,0.0,0.0,0.0,0.0,0.0,0.0,0.0,,[],0.0,0.0,2026-06-30,0.0,0.0,0.0,0.0,"MAHONEY, MARY",0.0,0.0,0.0,0.0,0.0
0.0,0.0,1480592.32,B,Lobbyist/Registrant PAC,C00007922,LABORERS' INTERNATIONAL UNION OF NORTH AMERICA (LIUNA) PAC,DC,Q,PAC - Qualified,8111.13,5517235.64,96.01,0.0,0.0,2026-07-31T00:00:00,2025-01-01T00:00:00,2026,4869063.87,0.0,0.0,4671000.0,7500.0,4869063.87,0.0,13515.89,7547644.74,0.0,M,Monthly filer,1975-07-01,1975-01-14,4014.44,5517235.64,73.1,1027643.13,4489592.51,0.0,0.0,0.0,0.0,0.0,202608209899716258,4159173.19,0.0,0.0,AUGUST MONTHLY,2026,0.0,0.0,0.0,0.0,0.0,5509124.51,13418.57,0.0,97.32,13515.89,0.28,L,Labor Organization,163500.0,13515.89,34.85,0.0,0.0,0.0,UNKNOWN,0.0,7547644.74,8111.13,0.0,0.0,0.0,0.0,0.0,0.0,0.0,,[],0.0,0.0,2026-06-30,2022776.93,0.0,0.0,8922.41,"SABITONI, MICHAEL",0.0,0.0,0.0,0.0,0.0
0.0,0.0,302428.8,B,Lobbyist/Registrant PAC,C00007948,WEYERHAEUSER COMPANY POLITICAL ACTION COMMITTEE,WA,Q,PAC - Qualified,0.0,417576.76,94.86,0.0,0.0,2026-07-31T00:00:00,2025-01-01T00:00:00,2026,422220.4,0.0,0.0,400500.0,6500.0,422220.4,0.0,720.4,426076.76,0.0,M,Monthly filer,1975-07-07,1975-03-07,0.0,417576.76,98.01,343089.72,74487.04,0.0,0.0,0.0,0.0,0.0,202608199899589145,306285.16,0.0,0.0,AUGUST MONTHLY,2026,0.0,0.0,0.0,0.0,0.0,417576.76,-1279.6,0.0,2000.0,720.4,0.17,C,Corporation,21000.0,720.4,0.0,0.0,0.0,0.0,,0.0,426076.76,0.0,0.0,0.0,0.0,0.0,0.0,0.0,0.0,,[],0.0,0.0,2026-06-30,0.0,0.0,0.0,0.0,"SAWIN, KRISTEN H",0.0,0.0,0.0,0.0,0.0
0.0,0.0,39687.6,U,Unauthorized,C00008078,OHIO D.R.I.V.E. (DEMOCRATIC  REPUBLICAN INDEPENDENT VOTER EDUCATION  - TEAMSTERS JOINT COUNCIL  #41),OH,Q,PAC - Qualified,0.0,18260.0,0.0,0.0,0.0,2026-06-30T00:00:00,2025-01-01T00:00:00,2026,45518.52,0.0,0.0,0.0,0.0,45518.52,0.0,296.0,49536.15,0.0,Q,Quarterly filer,1976-02-17,1975-07-07,0.0,18260.0,36.86,14792.0,3468.0,0.0,0.0,0.0,0.0,0.0,202607149874997712,43705.23,0.0,0.0,JULY QUARTERLY,2026,0.0,0.0,0.0,0.0,0.0,18260.0,296.0,0.0,0.0,296.0,0.65,L,Labor Organization,45222.52,296.0,7.26,0.0,0.0,0.0,,0.0,49536.15,0.0,0.0,0.0,0.0,0.0,0.0,0.0,0.0,,[],0.0,0.0,2026-06-30,31268.89,0.0,0.0,0.0,"NARDI, NICK",0.0,0.0,0.0,0.0,0.0
0.0,0.0,46538.06,U,Unauthorized,C00008086,MONTANA REPUBLICAN STATE CENTRAL COMMITTEE,MT,Y,Party - Qualified,2518.25,453342.1,0.0,0.0,0.0,2026-07-31T00:00:00,2025-01-01T00:00:00,2026,1162648.04,0.0,0.0,0.0,0.0,790908.99,0.0,823779.77,1287937.27,0.0,M,Monthly filer,1976-06-28,1975-03-10,0.0,392542.1,28.47,196880.49,195661.61,0.0,0.0,0.0,0.0,0.0,202608209903376378,262671.79,10097.34,0.0,AUGUST MONTHLY,2026,0.0,0.0,0.0,0.0,0.0,450823.85,451963.72,0.0,77.0,823779.77,70.85,,,0.0,215235.3,0.0,60800.0,0.0,4.41,REPUBLICAN PARTY,0.0,1378781.77,2518.25,0.0,0.0,0.0,0.0,0.0,236805.42,371739.05,,[],0.0,90844.5,2026-07-31,834518.17,90844.5,0.0,336350.02,"LUSSENHEIDE, BILL",0.0,0.0,0.0,0.0,0.0
0.0,0.0,245432.72,U,Unauthorized,C00008151,FIRST HORIZON CORPORATION FEDERAL PAC,TN,Q,PAC - Qualified,0.0,22333.54,100.0,0.0,0.0,2026-06-30T00:00:00,2025-01-01T00:00:00,2026,40500.0,0.0,0.0,40500.0,0.0,40500.0,0.0,0.0,22333.54,0.0,Q,Quarterly filer,1976-04-26,1975-03-11,0.0,22333.54,100.0,19051.18,3282.36,0.0,0.0,0.0,0.0,0.0,202607079874782921,227266.26,0.0,0.0,JULY QUARTERLY,2026,0.0,0.0,0.0,0.0,0.0,22333.54,0.0,0.0,0.0,0.0,0.0,C,Corporation,0.0,0.0,0.0,0.0,0.0,0.0,,0.0,22333.54,0.0,0.0,0.0,0.0,0.0,0.0,0.0,0.0,,[],0.0,0.0,2026-06-30,0.0,0.0,0.0,0.0,"FRANKLIN, DESIREE M.",0.0,0.0,0.0,0.0,0.0
0.0,0.0,263387.53,U,Unauthorized,C00008169,ASSOCATION OF MISSOURI ELECTRIC COOPERATIVES POLITICAL ACTION COMMITTEE,MO,Q,PAC - Qualified,0.0,0.0,0.0,0.0,0.0,2026-06-30T00:00:00,2025-01-01T00:00:00,2026,2656.23,0.0,0.0,0.0,0.0,2656.23,0.0,750.0,58795.49,0.0,Q,Quarterly filer,1976-09-20,1976-04-05,0.0,0.0,0.0,0.0,0.0,0.0,0.0,0.0,0.0,0.0,202607069874769232,319526.79,0.0,0.0,JULY QUARTERLY,2026,0.0,0.0,0.0,0.0,0.0,0.0,750.0,0.0,0.0,750.0,28.24,V,Cooperative,1906.23,750.0,4963.32,0.0,0.0,0.0,,0.0,58795.49,0.0,0.0,0.0,0.0,0.0,0.0,0.0,0.0,,[],0.0,0.0,2026-06-30,53832.17,0.0,0.0,0.0,"FORCK, ALAYNA NICOLE",0.0,0.0,0.0,0.0,0.0
0.0,0.0,67640.36,U,Unauthorized,C00008227,"REPUBLICAN PARTY OF ARIZONA, LLC",AZ,Y,Party - Qualified,11241.0,431116.05,0.35,0.0,0.0,2026-07-31T00:00:00,2025-01-01T00:00:00,2026,1435505.85,0.0,0.0,5000.0,0.0,875935.76,125345.81,1087684.16,1344989.62,0.0,M,Monthly filer,1975-10-06,1975-01-01,0.0,284422.51,16.0,171403.96,113018.55,0.0,0.0,0.0,0.0,0.0,202608209903328722,410325.23,0.0,0.0,AUGUST MONTHLY,2026,0.0,0.0,0.0,0.0,0.0,419875.05,492770.27,125345.81,35343.8,1087684.16,75.77,,,1348.58,429366.55,32.4,25000.0,0.0,8.25,REPUBLICAN PARTY,121693.54,1778190.72,11241.0,0.0,0.0,0.0,0.0,0.0,98747.52,559570.09,,[],0.0,433201.1,2026-07-31,878497.37,433201.1,0.0,204886.3,"GOULD, RONALD",0.0,0.0,0.0,0.0,0.0
0.0,0.0,637203.01,B,Lobbyist/Registrant PAC,C00008268,TRANSPORT WORKERS UNION OF AMERICA POLITICAL CONTRIBUTIONS COMMITTEE,DC,Q,PAC - Qualified,0.0,2099973.73,77.51,0.0,0.0,2026-07-31T00:00:00,2025-01-01T00:00:00,2026,1808254.08,0.0,0.0,1401500.0,5000.0,1808254.08,0.0,9748.48,2105973.73,0.0,M,Monthly filer,1976-07-12,1975-03-05,0.0,2099973.73,99.72,49903.52,2050070.21,0.0,0.0,0.0,0.0,0.0,202608209899642676,934922.66,0.0,0.0,AUGUST MONTHLY,2026,0.0,0.0,0.0,0.0,0.0,2099973.73,8748.48,0.0,1000.0,9748.48,0.54,L,Labor Organization,397005.6,9748.48,0.0,0.0,0.0,0.0,,0.0,2105973.73,0.0,0.0,0.0,0.0,0.0,0.0,0.0,0.0,,[],0.0,0.0,2026-06-30,0.0,0.0,0.0,0.0,"LAFRAGOLA, JEROME",0.0,0.0,0.0,0.0,0.0
0.0,0.0,731829.42,U,Unauthorized,C00008409,INTERNATIONAL UNION OF OPERATING ENGINEERS LOCAL #302 VOLUNTARY POLITICAL FUND,WA,Q,PAC - Qualified,0.0,336112.95,54.73,0.0,0.0,2026-07-31T00:00:00,2025-01-01T00:00:00,2026,182711.07,0.0,0.0,100000.0,0.0,182711.07,0.0,115.58,336112.95,0.0,M,Monthly filer,1976-03-08,1975-07-15,0.0,336112.95,100.0,11310.0,324802.95,0.0,0.0,0.0,0.0,0.0,202608139899507586,885231.3,0.0,0.0,AUGUST MONTHLY,2026,0.0,0.0,0.0,0.0,0.0,336112.95,115.58,0.0,0.0,115.58,0.06,L,Labor Organization,82595.49,115.58,0.0,0.0,0.0,0.0,UNKNOWN,0.0,336112.95,0.0,0.0,0.0,0.0,0.0,0.0,0.0,0.0,,[],0.0,0.0,2026-07-31,0.0,0.0,0.0,0.0,"KONOPASKI, DAREN",0.0,0.0,0.0,0.0,0.0
0.0,0.0,327028.16,B,Lobbyist/Registrant PAC,C00008474,CITIGROUP INC. PAC - FEDERAL (CITI PAC - FEDERAL),DC,Q,PAC - Qualified,384.6,872964.06,99.88,0.0,0.0,2026-07-31T00:00:00,2025-01-01T00:00:00,2026,881579.89,0.0,0.0,880500.0,7500.0,881579.89,0.0,695.29,880464.06,0.0,M,Monthly filer,1975-06-07,1975-03-06,0.0,872964.06,99.15,779130.98,93833.08,0.0,0.0,0.0,0.0,0.0,202608189899550285,325912.33,0.0,0.0,AUGUST MONTHLY,2026,0.0,0.0,0.0,0.0,0.0,872579.46,695.29,0.0,0.0,695.29,0.08,C,Corporation,0.0,695.29,0.0,0.0,0.0,0.0,,0.0,880464.06,384.6,0.0,0.0,0.0,0.0,0.0,0.0,0.0,,[],0.0,0.0,2026-07-31,0.0,0.0,0.0,0.0,"KOLTUN, BENJAMIN",0.0,0.0,0.0,0.0,0.0
0.0,0.0,24389.94,U,Unauthorized,C00008664,MISSOURI REPUBLICAN STATE COMMITTEE-FEDERAL,MO,Y,Party - Qualified,4825.0,433615.29,0.0,0.0,0.0,2026-07-31T00:00:00,2025-01-01T00:00:00,2026,1145373.77,0.0,0.0,0.0,0.0,478257.09,0.0,938231.69,716122.01,0.0,M,Monthly filer,1976-07-10,1975-03-10,0.0,408130.85,35.2,347356.61,60774.24,0.0,0.0,0.0,0.0,0.0,202608189899554521,38638.18,0.0,0.0,AUGUST MONTHLY,2026,0.0,0.0,0.0,0.0,0.0,428790.29,261731.9,0.0,9383.11,938231.69,81.91,,,0.0,153388.51,0.0,25484.44,0.0,2.2,REPUBLICAN PARTY,0.0,1159622.01,4825.0,0.0,0.0,0.0,0.0,0.0,117726.5,667116.68,,[],0.0,443500.0,2026-07-31,273123.61,443500.0,0.0,202317.08,"FINCH, JENNIFER",0.0,0.0,0.0,0.0,0.0
0.0,0.0,517394.07,B,Lobbyist/Registrant PAC,C00008748,SEMPRA ENERGY EMPLOYEES POLITICAL ACTION COMMITTEE- FEDERAL,CA,Q,PAC - Qualified,6640.15,573674.54,98.51,0.0,0.0,2026-07-31T00:00:00,2025-01-01T00:00:00,2026,498164.5,0.0,0.0,490750.0,16500.0,498164.5,0.0,774.35,590829.26,0.0,M,Monthly filer,1976-03-10,1975-03-04,0.0,573674.54,97.1,398741.23,174933.31,0.0,0.0,0.0,0.0,0.0,202608179899539735,610058.83,0.0,0.0,AUGUST MONTHLY,2026,0.0,0.0,0.0,0.0,0.0,567034.39,774.35,0.0,0.0,774.35,0.16,C,Corporation,0.0,774.35,654.72,0.0,0.0,0.0,NONE,0.0,590829.26,6640.15,0.0,0.0,0.0,0.0,0.0,0.0,0.0,,[],0.0,0.0,2026-07-31,0.0,0.0,0.0,0.0,"GOMEZ, MARTHA",0.0,0.0,0.0,0.0,0.0
0.0,0.0,3840.08,U,Unauthorized,C00008755,REPUBLICAN PARTY SIXTH CONGRESSIONAL DISTRICT OF WISCONSIN,WI,Y,Party - Qualified,0.0,4030.0,0.0,0.0,0.0,2026-06-30T00:00:00,2025-01-01T00:00:00,2026,4328.56,0.0,0.0,0.0,0.0,4328.56,0.0,0.0,4035.42,0.0,Q,Quarterly filer,1975-05-13,1975-03-05,0.0,50.0,1.24,50.0,0.0,0.0,0.0,0.0,0.0,0.0,202607280300533121,,,,JULY QUARTERLY,2026,0.0,0.0,0.0,0.0,0.0,4030.0,0.0,0.0,0.0,0.0,0.0,,,4328.56,0.0,5.42,0.0,0.0,98.63,REPUBLICAN PARTY,3980.0,4035.42,0.0,0.0,0.0,0.0,0.0,0.0,0.0,0.0,,[],0.0,0.0,2025-06-30,0.0,0.0,0.0,0.0,JOHN WIELAND,0.0,0.0,0.0,0.0,0.0
0.0,0.0,67226.09,U,Unauthorized,C00008839,AMERICAN PODIATRIC MEDICAL ASSOCIATION POLITICAL ACTION COMMITTEE,MD,Q,PAC - Qualified,855.0,397265.51,98.16,0.0,0.0,2026-07-31T00:00:00,2025-01-01T00:00:00,2026,401120.2,0.0,0.0,393750.0,11000.0,401120.2,0.0,6515.2,408319.56,0.0,M,Monthly filer,1975-07-02,1975-03-10,0.0,397265.51,97.29,312878.14,84387.37,0.0,0.0,0.0,0.0,0.0,202608199899581141,74425.45,0.0,0.0,AUGUST MONTHLY,2026,0.0,0.0,0.0,0.0,0.0,396410.51,6466.65,0.0,48.55,6515.2,1.62,,,0.0,6515.2,5.5,0.0,0.0,0.0,,0.0,408319.56,855.0,0.0,0.0,0.0,0.0,0.0,0.0,0.0,,[],0.0,0.0,2026-06-30,0.0,0.0,0.0,0.0,"CONWAY, MICHAEL A. DR.",0.0,0.0,0.0,0.0,0.0
0.0,0.0,175996.11,B,Lobbyist/Registrant PAC,C00009282,NORFOLK SOUTHERN CORPORATION GOOD GOVERNMENT FUND,DC,Q,PAC - Qualified,6947.29,846460.82,75.33,0.0,0.0,2026-07-31T00:00:00,2025-01-01T00:00:00,2026,775277.81,0.0,0.0,584000.0,2500.0,775277.81,0.0,3580.52,852493.7,0.0,M,Monthly filer,1975-04-17,1975-03-11,0.0,846460.82,99.29,762832.19,83628.63,0.0,0.0,0.0,0.0,0.0,202608199899576884,253212.0,0.0,0.0,AUGUST MONTHLY,2026,0.0,0.0,0.0,0.0,0.0,839513.53,47.64,0.0,3532.88,3580.52,0.46,C,Corporation,180750.0,3580.52,0.0,0.0,0.0,0.0,UNKNOWN,0.0,852493.7,6947.29,0.0,0.0,0.0,0.0,0.0,0.0,0.0,,[],0.0,0.0,2026-06-30,0.0,0.0,0.0,0.0,"MARRS, RICHARD",0.0,0.0,0.0,0.0,0.0
0.0,0.0,5087.54,B,Lobbyist/Registrant PAC,C00009357,"THE RECORDING INDUSTRY ASSOCIATION OF AMERICA, INC. POLITICAL ACTION COMMITTEE",DC,Q,PAC - Qualified,0.0,42815.0,100.0,0.0,0.0,2026-06-30T00:00:00,2025-01-01T00:00:00,2026,40000.0,0.0,0.0,40000.0,4500.0,40000.0,0.0,0.0,47315.0,0.0,Q,Quarterly filer,1976-10-12,1975-07-14,0.0,42815.0,90.49,39747.0,3068.0,0.0,0.0,0.0,0.0,0.0,202607079874796503,13402.54,0.0,0.0,JULY QUARTERLY,2026,0.0,0.0,0.0,0.0,0.0,42815.0,0.0,0.0,0.0,0.0,0.0,T,Trade Association,0.0,0.0,0.0,0.0,0.0,0.0,,0.0,47315.0,0.0,0.0,0.0,0.0,0.0,0.0,0.0,0.0,,[],0.0,0.0,2026-06-30,0.0,0.0,0.0,0.0,"WILLENS, MORNA",0.0,0.0,0.0,0.0,0.0
0.0,0.0,108493.94,B,Lobbyist/Registrant PAC,C00009423,"BY FARMERS, FOR FARMERS PAC LAND O'LAKES, INC. PAC (BY FARMERS, FOR FARMERS PAC)",MN,Q,PAC - Qualified,10.0,68251.0,98.52,0.0,0.0,2026-06-30T00:00:00,2025-01-01T00:00:00,2026,91864.03,0.0,0.0,90500.0,0.0,91864.03,0.0,1354.03,68316.66,0.0,Q,Quarterly filer,1975-10-14,1975-07-07,0.0,68251.0,99.9,64960.0,3291.0,0.0,0.0,0.0,0.0,0.0,202607149874995001,84946.57,0.0,0.0,JULY QUARTERLY,2026,0.0,0.0,0.0,0.0,0.0,68241.0,1354.03,0.0,0.0,1354.03,1.47,V,Cooperative,0.0,1354.03,65.66,0.0,0.0,0.0,,0.0,68316.66,10.0,0.0,0.0,0.0,0.0,0.0,0.0,0.0,,[],0.0,0.0,2026-06-30,0.0,0.0,0.0,0.0,"KAPPELMAN, PETE",0.0,0.0,0.0,0.0,0.0
0.0,0.0,158515.44,B,Lobbyist/Registrant PAC,C00009639,"TRUIST FINANCIAL CORPORATION FEDERAL, STATE & LOCAL POLITICAL ACTION COMMITTEE (FORMERLY SUNTRUST BANKS, INC. MAIN STREET BANKERS PAC)",VA,Q,PAC - Qualified,0.0,202340.5,86.58,0.0,0.0,2026-07-31T00:00:00,2025-01-01T00:00:00,2026,83740.0,0.0,0.0,72500.0,0.0,83740.0,0.0,240.0,202440.5,0.0,M,Monthly filer,1976-02-18,1975-03-07,0.0,202340.5,99.95,60898.25,141442.25,0.0,0.0,0.0,0.0,0.0,202608189899547054,277215.94,0.0,0.0,AUGUST MONTHLY,2026,0.0,0.0,0.0,0.0,0.0,202340.5,140.0,0.0,100.0,240.0,0.29,C,Corporation,11000.0,240.0,0.0,0.0,0.0,0.0,NONE,0.0,202440.5,0.0,0.0,0.0,0.0,0.0,0.0,0.0,0.0,,[],0.0,0.0,2026-06-30,0.0,0.0,0.0,0.0,"HOOPER, TODD J",0.0,0.0,0.0,0.0,0.0
0.0,0.0,14937.45,U,Unauthorized,C00009704,CONSERVATIVE VICTORY FUND,VA,Q,PAC - Qualified,0.0,0.0,0.0,0.0,0.0,2026-06-30T00:00:00,2025-01-01T00:00:00,2026,1252.14,0.0,0.0,0.0,0.0,1252.14,0.0,1252.14,1.11,0.0,Q,Quarterly filer,1976-05-10,1975-03-11,0.0,0.0,0.0,0.0,0.0,0.0,0.0,0.0,0.0,0.0,202607119874878737,13686.42,0.0,0.0,JULY QUARTERLY,2026,0.0,0.0,0.0,0.0,0.0,0.0,1252.14,0.0,0.0,1252.14,100.0,,,0.0,1252.14,1.11,0.0,0.0,0.0,CONSERVATIVE PARTY,0.0,1.11,0.0,0.0,0.0,0.0,0.0,0.0,0.0,0.0,,[],0.0,0.0,2026-06-30,0.0,0.0,0.0,0.0,"WINTER, THOMAS S. MR.",0.0,0.0,0.0,0.0,0.0
0.0,0.0,30774.01,U,Unauthorized,C00009845,MONTGOMERY COUNTY DEMOCRATIC CENTRAL COMMITTEE,MD,Y,Party - Qualified,952.55,81011.65,0.0,0.0,0.0,2026-07-31T00:00:00,2025-01-01T00:00:00,2026,138068.39,0.0,0.0,0.0,0.0,95977.03,0.0,133826.84,81377.83,0.0,M,Monthly filer,1976-07-10,1975-03-12,0.0,76011.65,63.27,58488.12,17523.53,0.0,0.0,0.0,0.0,0.0,202608209899593196,12839.36,0.0,0.0,AUGUST MONTHLY,2026,0.0,0.0,0.0,0.0,0.0,80059.1,91369.3,0.0,366.18,133826.84,96.93,,,1111.0,68059.09,0.0,5000.0,0.0,4.16,DEMOCRATIC PARTY,0.0,120133.74,952.55,0.0,0.0,0.0,0.0,0.0,23676.39,42091.36,,[],0.0,38755.91,2026-06-30,0.0,38755.91,0.0,2178.0,"SAUNDRY, ANDREW",0.0,0.0,0.0,0.0,0.0
0.0,0.0,82870.84,B,Lobbyist/Registrant PAC,C00009936,AMERICAN FEDERATION OF GOVT. EMPL. POLITICAL ACTION COMMITTEE,DC,Q,PAC - Qualified,1488.0,706483.6,95.37,0.0,0.0,2026-07-31T00:00:00,2025-01-01T00:00:00,2026,742931.35,0.0,0.0,708500.0,0.0,742931.35,0.0,29943.35,706483.6,0.0,M,Monthly filer,1976-09-20,1975-09-25,0.0,706483.6,100.0,283823.9,422659.7,0.0,0.0,0.0,0.0,0.0,202608109899426501,46423.09,0.0,0.0,AUGUST MONTHLY,2026,0.0,0.0,0.0,0.0,0.0,704995.6,29943.35,0.0,0.0,29943.35,4.03,L,Labor Organization,3000.0,29943.35,0.0,0.0,0.0,0.0,UNKNOWN,0.0,706483.6,1488.0,0.0,0.0,0.0,0.0,0.0,0.0,0.0,,[],0.0,0.0,2026-07-31,0.0,0.0,0.0,0.0,"KELLEY, EVERETT MR.",0.0,0.0,0.0,0.0,0.0
0.0,0.0,206349.82,B,Lobbyist/Registrant PAC,C00009985,NATIONAL ASSOCIATION OF BROADCASTERS POLITICAL ACTION COMMITTEE (NABPAC),DC,Q,PAC - Qualified,2430.0,1806984.81,98.69,0.0,0.0,2026-07-31T00:00:00,2025-01-01T00:00:00,2026,1921247.4,0.0,0.0,1896013.0,23500.0,1921247.4,0.0,22804.4,1853289.21,0.0,M,Monthly filer,1975-09-08,1975-07-12,0.0,1791984.81,96.69,1733901.41,58083.4,0.0,0.0,0.0,0.0,0.0,202608109899436971,138391.63,0.0,0.0,AUGUST MONTHLY,2026,0.0,0.0,0.0,0.0,0.0,1804554.81,0.0,0.0,22804.4,22804.4,1.19,T,Trade Association,0.0,22804.4,0.0,15000.0,0.0,0.81,UNKNOWN,0.0,1853289.21,2430.0,0.0,0.0,0.0,0.0,0.0,0.0,0.0,,[],0.0,0.0,2026-07-31,0.0,0.0,0.0,0.0,"DONILON, SHAWN MR.",0.0,0.0,0.0,0.0,0.0
